;Compound Identifier;Intensity;INTENSITY/STRENGTH;VALENCE/PLEASANTNESS;BAKERY;SWEET;FRUIT;FISH;GARLIC;SPICES;COLD;SOUR;BURNT;ACID;WARM;MUSKY;SWEATY;AMMONIA/URINOUS;DECAYED;WOOD;GRASS;FLOWER;CHEMICAL
0;126;0;4.0;6.0;1.0;2.0;1.0;0.0;1.0;1.0;1.0;1.0;1.0;1.0;1.0;1.0;1.0;1.0;1.0;1.0;1.0;1.0;2.0
1;126;1;6.0;5.0;1.0;3.0;1.0;1.0;1.0;1.0;1.0;1.0;1.0;1.0;1.0;1.0;1.0;1.0;1.0;1.0;1.0;1.0;2.0
2;176;0;2.0;5.0;1.0;1.0;1.0;1.0;1.0;1.0;1.0;1.0;1.0;1.0;1.0;1.0;1.0;1.0;1.0;1.0;1.0;1.0;2.0
3;176;1;3.0;5.0;1.0;1.0;1.0;0.0;1.0;1.0;1.0;2.0;1.0;1.0;1.0;1.0;1.0;1.0;1.0;1.0;1.0;1.0;1.0
4;177;0;3.0;6.0;1.0;2.0;1.0;1.0;1.0;1.0;1.0;1.0;1.0;1.0;1.0;1.0;1.0;1.0;1.0;1.0;1.0;1.0;1.0
5;177;1;5.0;5.0;1.0;3.0;1.0;0.0;1.0;1.0;1.0;2.0;1.0;1.0;1.0;1.0;1.0;1.0;1.0;1.0;1.0;1.0;2.0
6;196;0;2.0;4.0;1.0;1.0;0.0;1.0;1.0;1.0;1.0;2.0;1.0;2.0;1.0;2.0;1.0;1.0;1.0;1.0;1.0;0.0;2.0
7;196;1;4.0;6.0;1.0;2.0;1.0;0.0;1.0;1.0;1.0;1.0;1.0;1.0;1.0;1.0;1.0;1.0;1.0;1.0;1.0;1.0;1.0
8;239;0;4.0;5.0;1.0;2.0;1.0;1.0;1.0;1.0;1.0;1.0;1.0;1.0;1.0;1.0;1.0;1.0;1.0;1.0;1.0;2.0;1.0
9;239;1;4.0;6.0;1.0;1.0;1.0;1.0;1.0;1.0;1.0;1.0;1.0;1.0;1.0;1.0;1.0;1.0;1.0;1.0;1.0;1.0;2.0
10;240;0;4.0;7.0;1.0;3.0;3.0;1.0;1.0;1.0;1.0;1.0;1.0;1.0;1.0;1.0;1.0;1.0;1.0;1.0;1.0;1.0;2.0
11;240;1;8.0;7.0;2.0;5.0;3.0;1.0;1.0;1.0;1.0;1.0;1.0;1.0;1.0;1.0;1.0;1.0;1.0;1.0;1.0;2.0;2.0
12;241;0;3.0;4.0;1.0;1.0;0.0;1.0;1.0;1.0;1.0;1.0;1.0;1.0;2.0;1.0;2.0;1.0;1.0;1.0;1.0;0.0;1.0
13;241;1;2.0;6.0;1.0;1.0;1.0;0.0;1.0;1.0;1.0;1.0;1.0;1.0;1.0;2.0;1.0;1.0;1.0;0.0;1.0;1.0;3.0
14;243;1;4.0;4.0;1.0;1.0;1.0;1.0;1.0;1.0;1.0;2.0;1.0;1.0;1.0;1.0;1.0;1.0;1.0;1.0;1.0;1.0;2.0
15;243;0;3.0;6.0;1.0;2.0;1.0;1.0;1.0;1.0;1.0;1.0;1.0;1.0;1.0;1.0;1.0;1.0;1.0;1.0;1.0;1.0;1.0
16;244;1;8.0;5.0;1.0;3.0;2.0;1.0;1.0;1.0;1.0;1.0;1.0;2.0;1.0;1.0;1.0;1.0;1.0;1.0;1.0;1.0;4.0
17;244;0;5.0;6.0;1.0;2.0;1.0;0.0;1.0;1.0;1.0;1.0;1.0;1.0;1.0;1.0;1.0;1.0;1.0;1.0;1.0;1.0;2.0
18;261;1;9.0;2.0;1.0;1.0;1.0;1.0;1.0;1.0;1.0;3.0;1.0;2.0;1.0;3.0;2.0;2.0;2.0;1.0;1.0;1.0;3.0
19;261;0;6.0;4.0;1.0;1.0;1.0;1.0;1.0;1.0;1.0;2.0;1.0;2.0;1.0;3.0;2.0;1.0;1.0;1.0;1.0;1.0;2.0
20;263;1;3.0;5.0;1.0;1.0;1.0;1.0;1.0;1.0;1.0;2.0;1.0;1.0;1.0;1.0;1.0;1.0;1.0;1.0;1.0;1.0;1.0
21;263;0;1.0;5.0;1.0;1.0;1.0;1.0;1.0;2.0;1.0;1.0;1.0;1.0;1.0;1.0;1.0;1.0;1.0;1.0;1.0;1.0;1.0
22;311;0;2.0;5.0;1.0;2.0;1.0;1.0;1.0;1.0;1.0;2.0;1.0;1.0;1.0;1.0;1.0;1.0;1.0;1.0;0.0;1.0;1.0
23;311;1;3.0;6.0;1.0;2.0;1.0;1.0;1.0;1.0;2.0;2.0;1.0;1.0;1.0;1.0;1.0;1.0;1.0;1.0;1.0;1.0;2.0
24;325;0;3.0;5.0;0.0;1.0;1.0;1.0;1.0;1.0;1.0;1.0;1.0;1.0;1.0;1.0;1.0;1.0;1.0;1.0;1.0;1.0;2.0
25;325;1;8.0;4.0;1.0;1.0;1.0;1.0;1.0;3.0;1.0;1.0;1.0;2.0;1.0;1.0;1.0;1.0;1.0;1.0;1.0;1.0;2.0
26;326;0;2.0;6.0;1.0;2.0;1.0;1.0;1.0;1.0;1.0;1.0;1.0;1.0;1.0;1.0;1.0;1.0;1.0;1.0;1.0;1.0;1.0
27;326;1;6.0;6.0;1.0;1.0;1.0;1.0;1.0;3.0;1.0;1.0;1.0;1.0;2.0;1.0;1.0;1.0;1.0;1.0;1.0;1.0;1.0
28;356;0;2.0;5.0;0.0;1.0;0.0;0.0;1.0;1.0;1.0;1.0;1.0;1.0;1.0;1.0;1.0;1.0;0.0;1.0;0.0;1.0;2.0
29;356;1;6.0;6.0;1.0;3.0;2.0;1.0;1.0;1.0;1.0;1.0;1.0;1.0;1.0;1.0;1.0;1.0;1.0;1.0;1.0;1.0;3.0
30;379;1;7.0;3.0;1.0;1.0;1.0;1.0;1.0;1.0;1.0;2.0;1.0;1.0;1.0;2.0;1.0;1.0;1.0;1.0;1.0;1.0;3.0
31;379;0;5.0;4.0;1.0;1.0;1.0;1.0;1.0;1.0;1.0;2.0;1.0;1.0;1.0;2.0;2.0;1.0;1.0;1.0;1.0;1.0;2.0
32;454;0;6.0;7.0;1.0;3.0;2.0;0.0;1.0;1.0;2.0;1.0;1.0;1.0;1.0;1.0;1.0;1.0;1.0;1.0;1.0;2.0;2.0
33;454;1;7.0;4.0;1.0;1.0;1.0;1.0;1.0;1.0;1.0;2.0;1.0;1.0;1.0;2.0;1.0;1.0;1.0;1.0;1.0;1.0;3.0
34;460;1;7.0;4.0;1.0;2.0;1.0;1.0;1.0;1.0;1.0;1.0;1.0;1.0;1.0;1.0;1.0;1.0;1.0;1.0;1.0;1.0;2.0
35;460;0;5.0;5.0;1.0;1.0;1.0;1.0;1.0;1.0;1.0;1.0;1.0;1.0;1.0;2.0;1.0;1.0;1.0;1.0;1.0;1.0;3.0
36;650;0;6.0;4.0;1.0;1.0;1.0;1.0;1.0;2.0;1.0;2.0;1.0;1.0;1.0;2.0;1.0;1.0;1.0;1.0;1.0;1.0;2.0
37;650;1;9.0;3.0;1.0;1.0;1.0;1.0;1.0;1.0;1.0;3.0;1.0;2.0;1.0;2.0;1.0;2.0;1.0;1.0;1.0;1.0;3.0
38;660;1;8.0;7.0;2.0;4.0;1.0;1.0;1.0;2.0;1.0;1.0;1.0;1.0;1.0;1.0;1.0;1.0;1.0;1.0;1.0;2.0;2.0
39;660;0;4.0;7.0;2.0;2.0;1.0;1.0;1.0;1.0;1.0;1.0;1.0;1.0;1.0;1.0;1.0;1.0;1.0;1.0;1.0;2.0;1.0
40;679;0;4.0;4.0;0.0;1.0;1.0;1.0;1.0;1.0;1.0;3.0;1.0;1.0;1.0;1.0;2.0;1.0;1.0;0.0;1.0;1.0;2.0
41;679;1;5.0;4.0;1.0;1.0;1.0;1.0;1.0;1.0;1.0;2.0;1.0;1.0;1.0;2.0;1.0;1.0;1.0;1.0;1.0;1.0;1.0
42;875;0;4.0;5.0;0.0;1.0;0.0;1.0;1.0;1.0;1.0;1.0;1.0;1.0;1.0;1.0;2.0;1.0;1.0;1.0;2.0;0.0;1.0
43;875;1;4.0;5.0;1.0;1.0;1.0;0.0;1.0;1.0;1.0;1.0;1.0;2.0;1.0;1.0;1.0;1.0;1.0;1.0;1.0;1.0;2.0
44;957;1;7.0;6.0;1.0;2.0;1.0;1.0;1.0;1.0;2.0;1.0;1.0;2.0;1.0;2.0;1.0;1.0;1.0;1.0;1.0;1.0;3.0
45;957;0;3.0;5.0;1.0;2.0;1.0;1.0;1.0;1.0;1.0;1.0;1.0;1.0;1.0;1.0;1.0;1.0;1.0;1.0;1.0;2.0;2.0
46;994;1;8.0;4.0;1.0;2.0;1.0;1.0;1.0;1.0;1.0;1.0;2.0;1.0;1.0;2.0;1.0;1.0;1.0;1.0;1.0;1.0;1.0
47;994;0;4.0;6.0;1.0;3.0;1.0;1.0;1.0;1.0;1.0;1.0;1.0;1.0;1.0;1.0;1.0;1.0;1.0;1.0;1.0;2.0;1.0
48;1001;0;3.0;5.0;1.0;1.0;0.0;1.0;1.0;1.0;1.0;2.0;1.0;1.0;2.0;1.0;1.0;2.0;1.0;1.0;1.0;1.0;1.0
49;1001;1;7.0;3.0;1.0;1.0;1.0;3.0;1.0;1.0;1.0;2.0;1.0;1.0;1.0;2.0;1.0;1.0;2.0;1.0;1.0;1.0;2.0
50;1030;0;2.0;5.0;1.0;1.0;1.0;0.0;1.0;1.0;1.0;1.0;1.0;1.0;1.0;1.0;1.0;1.0;1.0;1.0;1.0;1.0;1.0
51;1030;1;5.0;5.0;1.0;1.0;1.0;1.0;1.0;2.0;1.0;1.0;1.0;1.0;1.0;1.0;1.0;1.0;1.0;1.0;1.0;1.0;1.0
52;1032;0;2.0;5.0;1.0;1.0;1.0;1.0;1.0;1.0;1.0;2.0;1.0;1.0;1.0;2.0;2.0;1.0;1.0;1.0;1.0;1.0;1.0
53;1032;1;4.0;5.0;1.0;1.0;1.0;1.0;1.0;1.0;1.0;3.0;1.0;1.0;1.0;2.0;1.0;1.0;1.0;1.0;1.0;1.0;2.0
54;1049;1;3.0;5.0;1.0;2.0;1.0;0.0;1.0;2.0;1.0;2.0;1.0;1.0;1.0;1.0;1.0;1.0;1.0;1.0;1.0;1.0;1.0
55;1049;0;2.0;6.0;1.0;2.0;0.0;0.0;1.0;1.0;1.0;1.0;1.0;1.0;1.0;1.0;1.0;0.0;1.0;2.0;1.0;2.0;1.0
56;1060;0;4.0;6.0;1.0;3.0;1.0;1.0;1.0;1.0;1.0;1.0;1.0;1.0;2.0;1.0;1.0;1.0;1.0;1.0;1.0;1.0;1.0
57;1060;1;8.0;5.0;1.0;2.0;1.0;1.0;1.0;1.0;1.0;1.0;2.0;1.0;1.0;1.0;1.0;1.0;1.0;1.0;1.0;1.0;2.0
58;1068;0;7.0;4.0;1.0;2.0;1.0;1.0;1.0;2.0;1.0;2.0;1.0;1.0;1.0;1.0;1.0;1.0;2.0;1.0;1.0;1.0;1.0
59;1068;1;6.0;4.0;1.0;1.0;1.0;1.0;1.0;2.0;1.0;2.0;1.0;1.0;1.0;1.0;1.0;1.0;2.0;1.0;1.0;1.0;1.0
60;1110;0;4.0;4.0;0.0;1.0;0.0;1.0;1.0;1.0;1.0;2.0;1.0;1.0;1.0;2.0;2.0;1.0;1.0;1.0;1.0;1.0;2.0
61;1110;1;5.0;4.0;1.0;1.0;1.0;1.0;1.0;1.0;1.0;2.0;1.0;1.0;1.0;2.0;2.0;1.0;1.0;1.0;1.0;1.0;2.0
62;1136;0;5.0;4.0;1.0;1.0;1.0;1.0;1.0;1.0;1.0;1.0;1.0;1.0;1.0;1.0;1.0;1.0;1.0;1.0;1.0;1.0;2.0
63;1136;1;8.0;4.0;1.0;1.0;0.0;1.0;2.0;1.0;1.0;1.0;1.0;1.0;2.0;1.0;1.0;2.0;1.0;1.0;1.0;1.0;1.0
64;1183;0;8.0;9.0;6.0;7.0;1.0;1.0;1.0;1.0;1.0;1.0;1.0;1.0;2.0;1.0;1.0;1.0;1.0;1.0;1.0;1.0;1.0
65;1183;1;8.0;9.0;5.0;7.0;1.0;1.0;1.0;2.0;1.0;1.0;1.0;1.0;2.0;1.0;1.0;1.0;1.0;1.0;1.0;1.0;1.0
66;2214;0;4.0;6.0;1.0;2.0;1.0;1.0;1.0;2.0;1.0;1.0;1.0;1.0;2.0;1.0;1.0;1.0;1.0;1.0;1.0;1.0;1.0
67;2214;1;7.0;5.0;1.0;2.0;1.0;1.0;1.0;2.0;1.0;1.0;2.0;1.0;2.0;1.0;1.0;1.0;1.0;1.0;1.0;1.0;2.0
68;2345;1;6.0;5.0;1.0;2.0;1.0;1.0;1.0;1.0;1.0;1.0;1.0;1.0;1.0;1.0;1.0;1.0;1.0;1.0;1.0;2.0;2.0
69;2345;0;3.0;5.0;1.0;1.0;1.0;1.0;1.0;1.0;1.0;1.0;1.0;1.0;1.0;1.0;1.0;1.0;1.0;1.0;1.0;1.0;2.0
70;2346;0;6.0;3.0;1.0;1.0;1.0;1.0;1.0;1.0;1.0;2.0;2.0;1.0;1.0;2.0;1.0;1.0;1.0;1.0;1.0;1.0;2.0
71;2346;1;9.0;2.0;1.0;1.0;1.0;1.0;1.0;1.0;1.0;2.0;3.0;2.0;1.0;2.0;2.0;2.0;2.0;1.0;1.0;1.0;2.0
72;2682;0;4.0;4.0;1.0;1.0;1.0;1.0;1.0;1.0;1.0;1.0;1.0;1.0;1.0;1.0;2.0;1.0;1.0;1.0;2.0;2.0;1.0
73;2682;1;5.0;5.0;2.0;1.0;1.0;1.0;1.0;1.0;1.0;1.0;1.0;2.0;1.0;2.0;2.0;1.0;1.0;1.0;1.0;1.0;1.0
74;2758;0;5.0;7.0;1.0;3.0;1.0;0.0;1.0;2.0;1.0;1.0;1.0;1.0;1.0;1.0;0.0;1.0;1.0;1.0;1.0;1.0;2.0
75;2758;1;8.0;7.0;1.0;2.0;1.0;1.0;1.0;1.0;2.0;1.0;1.0;1.0;1.0;1.0;1.0;1.0;1.0;1.0;1.0;2.0;4.0
76;2879;0;7.0;4.0;0.0;1.0;1.0;1.0;1.0;1.0;1.0;1.0;1.0;1.0;1.0;2.0;1.0;3.0;2.0;1.0;1.0;1.0;3.0
77;2879;1;9.0;4.0;1.0;1.0;1.0;1.0;1.0;1.0;1.0;1.0;2.0;1.0;1.0;2.0;1.0;2.0;2.0;1.0;1.0;1.0;4.0
78;2969;0;6.0;3.0;1.0;1.0;1.0;1.0;1.0;1.0;1.0;2.0;1.0;2.0;1.0;2.0;1.0;1.0;1.0;1.0;1.0;1.0;2.0
79;2969;1;8.0;3.0;1.0;1.0;1.0;1.0;1.0;1.0;1.0;1.0;1.0;2.0;1.0;2.0;1.0;1.0;1.0;2.0;1.0;1.0;3.0
80;3776;1;2.0;5.0;1.0;1.0;0.0;1.0;1.0;1.0;1.0;1.0;1.0;1.0;1.0;2.0;1.0;1.0;1.0;1.0;1.0;0.0;2.0
81;3776;0;2.0;4.0;1.0;1.0;1.0;1.0;1.0;1.0;1.0;1.0;2.0;1.0;2.0;2.0;1.0;1.0;1.0;1.0;1.0;1.0;2.0
82;3893;1;8.0;3.0;1.0;1.0;1.0;1.0;1.0;1.0;1.0;2.0;1.0;2.0;1.0;2.0;1.0;1.0;1.0;1.0;1.0;1.0;4.0
83;3893;0;3.0;5.0;1.0;1.0;1.0;0.0;1.0;1.0;1.0;1.0;1.0;1.0;1.0;1.0;1.0;1.0;1.0;2.0;1.0;1.0;1.0
84;4133;1;8.0;6.0;1.0;3.0;1.0;1.0;1.0;2.0;2.0;1.0;1.0;1.0;1.0;1.0;1.0;1.0;1.0;1.0;1.0;1.0;3.0
85;4133;0;2.0;6.0;1.0;2.0;1.0;0.0;1.0;1.0;1.0;1.0;1.0;1.0;1.0;1.0;0.0;1.0;1.0;0.0;1.0;2.0;1.0
86;5541;1;6.0;4.0;1.0;1.0;1.0;1.0;1.0;1.0;1.0;4.0;1.0;2.0;1.0;1.0;1.0;1.0;1.0;1.0;1.0;1.0;1.0
87;5541;0;5.0;5.0;1.0;1.0;1.0;1.0;1.0;1.0;1.0;4.0;1.0;2.0;1.0;1.0;1.0;1.0;1.0;1.0;1.0;1.0;2.0
88;5610;1;6.0;4.0;1.0;1.0;1.0;0.0;0.0;1.0;1.0;1.0;2.0;2.0;1.0;1.0;1.0;2.0;1.0;0.0;0.0;1.0;3.0
89;5610;0;3.0;6.0;1.0;2.0;0.0;0.0;1.0;1.0;1.0;1.0;2.0;0.0;1.0;2.0;1.0;0.0;0.0;1.0;1.0;1.0;1.0
90;5779;1;8.0;7.0;2.0;5.0;1.0;1.0;1.0;1.0;1.0;1.0;2.0;1.0;2.0;1.0;1.0;1.0;1.0;1.0;1.0;1.0;1.0
91;5779;0;5.0;5.0;1.0;2.0;1.0;1.0;1.0;1.0;1.0;2.0;1.0;1.0;1.0;1.0;1.0;1.0;1.0;1.0;1.0;1.0;1.0
92;5780;0;4.0;5.0;1.0;1.0;0.0;1.0;1.0;1.0;1.0;2.0;2.0;1.0;1.0;1.0;1.0;1.0;1.0;1.0;1.0;1.0;1.0
93;5780;1;8.0;3.0;1.0;1.0;1.0;1.0;2.0;1.0;1.0;2.0;3.0;1.0;1.0;2.0;1.0;1.0;2.0;1.0;1.0;1.0;1.0
94;5950;0;2.0;5.0;1.0;1.0;1.0;1.0;1.0;1.0;1.0;2.0;0.0;1.0;1.0;1.0;1.0;1.0;1.0;0.0;1.0;0.0;1.0
95;5950;1;4.0;6.0;1.0;3.0;2.0;1.0;1.0;1.0;1.0;1.0;1.0;1.0;1.0;1.0;1.0;1.0;1.0;1.0;1.0;2.0;1.0
96;5960;0;3.0;4.0;1.0;1.0;1.0;0.0;1.0;1.0;1.0;1.0;1.0;1.0;1.0;2.0;2.0;1.0;1.0;1.0;1.0;1.0;1.0
97;5960;1;7.0;4.0;1.0;1.0;1.0;1.0;1.0;1.0;1.0;2.0;1.0;1.0;1.0;2.0;1.0;1.0;2.0;1.0;1.0;1.0;2.0
98;5961;0;2.0;5.0;1.0;1.0;1.0;1.0;1.0;1.0;1.0;1.0;2.0;1.0;1.0;1.0;1.0;1.0;1.0;1.0;2.0;1.0;1.0
99;5961;1;3.0;5.0;1.0;1.0;1.0;1.0;1.0;2.0;1.0;1.0;1.0;1.0;1.0;1.0;1.0;0.0;1.0;1.0;1.0;1.0;1.0
100;6050;0;3.0;5.0;1.0;1.0;1.0;1.0;1.0;1.0;1.0;2.0;1.0;1.0;1.0;2.0;1.0;1.0;1.0;1.0;1.0;1.0;2.0
101;6050;1;7.0;3.0;1.0;1.0;1.0;1.0;1.0;1.0;1.0;3.0;1.0;1.0;1.0;3.0;2.0;1.0;2.0;1.0;1.0;1.0;1.0
102;6054;0;7.0;7.0;1.0;3.0;1.0;1.0;1.0;1.0;1.0;1.0;1.0;1.0;1.0;1.0;1.0;1.0;1.0;1.0;1.0;3.0;2.0
103;6054;1;8.0;6.0;1.0;2.0;1.0;1.0;1.0;1.0;1.0;1.0;1.0;1.0;1.0;2.0;1.0;1.0;1.0;1.0;1.0;4.0;2.0
104;6057;0;3.0;5.0;1.0;1.0;0.0;0.0;0.0;1.0;1.0;1.0;1.0;1.0;1.0;1.0;1.0;1.0;1.0;1.0;1.0;1.0;1.0
105;6057;1;3.0;5.0;0.0;1.0;1.0;0.0;0.0;1.0;1.0;1.0;1.0;1.0;1.0;2.0;1.0;1.0;1.0;2.0;1.0;1.0;2.0
106;6106;1;8.0;3.0;1.0;1.0;1.0;1.0;1.0;1.0;1.0;3.0;1.0;1.0;2.0;2.0;3.0;1.0;3.0;1.0;1.0;1.0;2.0
107;6106;0;5.0;5.0;2.0;3.0;1.0;0.0;1.0;1.0;1.0;1.0;1.0;1.0;2.0;2.0;1.0;1.0;1.0;1.0;1.0;1.0;1.0
108;6137;0;5.0;4.0;1.0;1.0;1.0;1.0;1.0;1.0;1.0;1.0;1.0;1.0;1.0;2.0;1.0;1.0;2.0;1.0;1.0;1.0;1.0
109;6137;1;8.0;2.0;1.0;1.0;1.0;1.0;1.0;1.0;1.0;3.0;2.0;1.0;1.0;2.0;1.0;1.0;3.0;1.0;1.0;1.0;1.0
110;6140;1;4.0;4.0;1.0;1.0;1.0;1.0;1.0;1.0;1.0;2.0;1.0;1.0;1.0;2.0;1.0;1.0;1.0;1.0;1.0;1.0;2.0
111;6140;0;3.0;5.0;1.0;1.0;1.0;1.0;1.0;1.0;1.0;1.0;1.0;1.0;1.0;2.0;2.0;1.0;1.0;1.0;1.0;1.0;1.0
112;6184;0;2.0;5.0;0.0;1.0;0.0;1.0;1.0;1.0;1.0;1.0;1.0;1.0;1.0;1.0;1.0;1.0;1.0;1.0;1.0;1.0;1.0
113;6184;1;8.0;3.0;1.0;1.0;1.0;1.0;1.0;1.0;1.0;2.0;1.0;1.0;1.0;2.0;1.0;2.0;2.0;1.0;1.0;1.0;3.0
114;6213;1;4.0;7.0;2.0;3.0;1.0;0.0;1.0;1.0;1.0;1.0;1.0;1.0;2.0;1.0;0.0;1.0;0.0;1.0;1.0;1.0;1.0
115;6213;0;3.0;6.0;1.0;2.0;1.0;1.0;1.0;1.0;1.0;1.0;1.0;1.0;1.0;1.0;1.0;1.0;1.0;1.0;1.0;1.0;1.0
116;6276;0;4.0;5.0;1.0;1.0;1.0;1.0;1.0;1.0;1.0;1.0;1.0;1.0;1.0;2.0;2.0;1.0;1.0;1.0;1.0;1.0;2.0
117;6276;1;7.0;3.0;1.0;1.0;1.0;1.0;1.0;1.0;1.0;2.0;1.0;1.0;1.0;3.0;2.0;2.0;2.0;1.0;1.0;1.0;1.0
118;6287;0;4.0;5.0;1.0;1.0;1.0;1.0;1.0;1.0;1.0;1.0;1.0;1.0;1.0;1.0;1.0;1.0;1.0;0.0;1.0;1.0;1.0
119;6287;1;5.0;4.0;1.0;1.0;1.0;1.0;1.0;1.0;1.0;1.0;1.0;1.0;1.0;2.0;2.0;1.0;1.0;1.0;1.0;1.0;1.0
120;6374;0;7.0;4.0;1.0;1.0;1.0;1.0;1.0;1.0;1.0;2.0;1.0;2.0;1.0;2.0;1.0;2.0;1.0;1.0;1.0;1.0;4.0
121;6374;1;9.0;4.0;1.0;1.0;1.0;1.0;1.0;1.0;1.0;1.0;1.0;2.0;1.0;1.0;1.0;2.0;1.0;1.0;1.0;1.0;5.0
122;6386;0;3.0;6.0;1.0;3.0;1.0;1.0;1.0;1.0;1.0;1.0;2.0;1.0;1.0;2.0;1.0;1.0;0.0;1.0;1.0;1.0;2.0
123;6386;1;6.0;5.0;0.0;1.0;1.0;0.0;0.0;1.0;1.0;1.0;1.0;2.0;1.0;1.0;1.0;2.0;1.0;1.0;2.0;1.0;4.0
124;6448;0;4.0;5.0;1.0;1.0;1.0;1.0;1.0;1.0;1.0;1.0;1.0;1.0;1.0;1.0;1.0;1.0;1.0;1.0;1.0;1.0;2.0
125;6448;1;4.0;5.0;1.0;1.0;1.0;1.0;1.0;1.0;2.0;1.0;1.0;1.0;1.0;1.0;1.0;1.0;1.0;1.0;1.0;1.0;3.0
126;6501;1;5.0;7.0;1.0;3.0;2.0;1.0;1.0;1.0;1.0;1.0;1.0;1.0;1.0;1.0;1.0;1.0;1.0;1.0;1.0;2.0;1.0
127;6501;0;2.0;6.0;0.0;1.0;1.0;0.0;1.0;1.0;1.0;1.0;1.0;1.0;1.0;1.0;0.0;1.0;1.0;1.0;1.0;2.0;1.0
128;6549;0;4.0;7.0;1.0;3.0;1.0;0.0;1.0;1.0;1.0;1.0;1.0;1.0;1.0;1.0;1.0;1.0;1.0;1.0;1.0;2.0;1.0
129;6549;1;7.0;8.0;1.0;4.0;2.0;1.0;1.0;1.0;1.0;1.0;1.0;1.0;1.0;1.0;1.0;1.0;1.0;1.0;1.0;3.0;2.0
130;6560;1;5.0;4.0;1.0;1.0;1.0;0.0;1.0;1.0;1.0;1.0;1.0;2.0;1.0;2.0;2.0;1.0;1.0;1.0;1.0;1.0;2.0
131;6560;0;3.0;5.0;1.0;1.0;1.0;0.0;1.0;1.0;1.0;1.0;1.0;1.0;1.0;2.0;1.0;1.0;1.0;1.0;1.0;1.0;2.0
132;6569;0;2.0;6.0;1.0;2.0;0.0;0.0;1.0;0.0;1.0;2.0;1.0;1.0;1.0;1.0;0.0;1.0;1.0;1.0;1.0;1.0;1.0
133;6569;1;4.0;5.0;1.0;1.0;1.0;1.0;1.0;1.0;1.0;1.0;1.0;1.0;1.0;1.0;1.0;1.0;1.0;1.0;1.0;1.0;2.0
134;6584;0;3.0;4.0;1.0;1.0;1.0;1.0;1.0;1.0;1.0;2.0;1.0;1.0;1.0;2.0;2.0;1.0;1.0;1.0;1.0;1.0;1.0
135;6584;1;7.0;3.0;0.0;1.0;1.0;1.0;1.0;1.0;1.0;2.0;1.0;2.0;1.0;1.0;1.0;1.0;1.0;1.0;1.0;1.0;3.0
136;6590;0;3.0;5.0;1.0;2.0;1.0;1.0;1.0;1.0;1.0;2.0;1.0;1.0;1.0;1.0;1.0;1.0;1.0;1.0;1.0;2.0;1.0
137;6590;1;6.0;3.0;1.0;1.0;1.0;1.0;1.0;1.0;1.0;2.0;1.0;1.0;1.0;2.0;2.0;1.0;2.0;1.0;0.0;1.0;1.0
138;6658;1;6.0;5.0;1.0;1.0;1.0;1.0;1.0;1.0;1.0;1.0;1.0;1.0;1.0;2.0;1.0;1.0;1.0;1.0;1.0;1.0;2.0
139;6658;0;2.0;5.0;0.0;1.0;1.0;1.0;1.0;1.0;1.0;1.0;2.0;1.0;1.0;1.0;1.0;1.0;1.0;1.0;1.0;1.0;2.0
140;6753;0;2.0;5.0;1.0;1.0;0.0;0.0;1.0;1.0;0.0;1.0;0.0;1.0;1.0;2.0;1.0;1.0;1.0;1.0;1.0;1.0;1.0
141;6753;1;3.0;6.0;1.0;2.0;1.0;0.0;1.0;1.0;1.0;2.0;1.0;1.0;1.0;2.0;1.0;0.0;1.0;1.0;1.0;1.0;1.0
142;6826;1;5.0;7.0;1.0;4.0;2.0;0.0;1.0;1.0;1.0;1.0;1.0;1.0;1.0;1.0;1.0;1.0;1.0;1.0;1.0;3.0;1.0
143;6826;0;2.0;6.0;1.0;2.0;1.0;0.0;1.0;0.0;1.0;1.0;1.0;1.0;1.0;1.0;0.0;0.0;1.0;1.0;1.0;1.0;1.0
144;6920;1;5.0;5.0;1.0;2.0;1.0;0.0;1.0;1.0;1.0;1.0;1.0;1.0;1.0;2.0;1.0;1.0;1.0;1.0;1.0;1.0;1.0
145;6920;0;3.0;6.0;1.0;2.0;1.0;1.0;1.0;1.0;1.0;1.0;1.0;1.0;1.0;1.0;1.0;1.0;0.0;1.0;1.0;1.0;2.0
146;6943;1;9.0;3.0;1.0;1.0;1.0;1.0;1.0;2.0;1.0;1.0;2.0;2.0;1.0;1.0;1.0;2.0;1.0;1.0;1.0;1.0;6.0
147;6943;0;4.0;5.0;1.0;1.0;1.0;1.0;1.0;1.0;1.0;1.0;1.0;1.0;1.0;1.0;1.0;1.0;1.0;1.0;1.0;1.0;3.0
148;6989;1;8.0;5.0;1.0;1.0;1.0;1.0;1.0;3.0;1.0;1.0;1.0;1.0;2.0;1.0;1.0;1.0;1.0;1.0;1.0;1.0;3.0
149;6989;0;5.0;5.0;1.0;1.0;1.0;0.0;1.0;2.0;1.0;1.0;1.0;1.0;1.0;1.0;1.0;1.0;1.0;2.0;1.0;1.0;2.0
150;6997;0;7.0;4.0;0.0;1.0;0.0;0.0;1.0;1.0;1.0;1.0;2.0;1.0;1.0;1.0;1.0;1.0;1.0;1.0;1.0;1.0;4.0
151;6997;1;9.0;4.0;1.0;2.0;1.0;1.0;1.0;1.0;1.0;1.0;2.0;2.0;1.0;2.0;1.0;2.0;1.0;1.0;1.0;1.0;6.0
152;6998;0;6.0;4.0;1.0;1.0;1.0;1.0;1.0;1.0;1.0;1.0;1.0;1.0;1.0;2.0;1.0;1.0;1.0;1.0;1.0;1.0;4.0
153;6998;1;8.0;3.0;1.0;1.0;1.0;1.0;1.0;1.0;2.0;1.0;2.0;2.0;1.0;1.0;1.0;2.0;1.0;1.0;1.0;1.0;4.0
154;7047;0;6.0;4.0;1.0;1.0;1.0;1.0;1.0;1.0;1.0;1.0;1.0;1.0;1.0;2.0;1.0;1.0;1.0;1.0;1.0;1.0;3.0
155;7047;1;9.0;3.0;1.0;1.0;1.0;1.0;1.0;1.0;1.0;2.0;2.0;2.0;1.0;2.0;1.0;2.0;1.0;1.0;1.0;1.0;5.0
156;7059;0;6.0;6.0;1.0;3.0;1.0;0.0;1.0;1.0;1.0;1.0;1.0;1.0;1.0;1.0;1.0;0.0;1.0;1.0;1.0;3.0;2.0
157;7059;1;7.0;4.0;1.0;1.0;1.0;0.0;1.0;1.0;1.0;1.0;1.0;2.0;1.0;1.0;1.0;2.0;1.0;1.0;1.0;1.0;3.0
158;7095;1;8.0;4.0;1.0;1.0;1.0;1.0;1.0;1.0;1.0;2.0;2.0;2.0;1.0;1.0;1.0;1.0;1.0;1.0;1.0;1.0;4.0
159;7095;0;4.0;6.0;1.0;2.0;1.0;1.0;1.0;1.0;1.0;1.0;1.0;1.0;1.0;1.0;1.0;1.0;1.0;1.0;1.0;1.0;2.0
160;7119;1;9.0;6.0;1.0;3.0;1.0;1.0;1.0;1.0;1.0;1.0;1.0;1.0;2.0;1.0;1.0;2.0;1.0;1.0;1.0;2.0;4.0
161;7119;0;8.0;7.0;1.0;4.0;2.0;1.0;1.0;1.0;1.0;1.0;1.0;1.0;2.0;1.0;1.0;1.0;1.0;1.0;1.0;3.0;3.0
162;7122;1;8.0;6.0;1.0;3.0;1.0;1.0;1.0;1.0;2.0;1.0;1.0;1.0;1.0;1.0;1.0;1.0;1.0;0.0;1.0;2.0;3.0
163;7122;0;7.0;6.0;1.0;3.0;2.0;1.0;1.0;1.0;1.0;1.0;1.0;1.0;1.0;1.0;1.0;1.0;1.0;1.0;1.0;2.0;3.0
164;7127;0;2.0;6.0;0.0;2.0;1.0;1.0;1.0;1.0;1.0;1.0;1.0;0.0;1.0;1.0;1.0;1.0;1.0;1.0;1.0;2.0;1.0
165;7127;1;4.0;6.0;1.0;2.0;1.0;1.0;1.0;2.0;1.0;1.0;1.0;1.0;1.0;1.0;0.0;1.0;1.0;1.0;1.0;1.0;1.0
166;7136;1;6.0;7.0;2.0;4.0;1.0;1.0;1.0;3.0;1.0;1.0;1.0;1.0;2.0;1.0;1.0;1.0;1.0;1.0;1.0;1.0;1.0
167;7136;0;3.0;6.0;1.0;2.0;1.0;1.0;1.0;2.0;1.0;1.0;1.0;1.0;1.0;1.0;1.0;1.0;1.0;1.0;1.0;1.0;2.0
168;7144;0;3.0;5.0;0.0;1.0;1.0;1.0;1.0;1.0;1.0;1.0;1.0;1.0;1.0;2.0;1.0;1.0;1.0;1.0;1.0;1.0;1.0
169;7144;1;7.0;4.0;1.0;1.0;1.0;1.0;1.0;1.0;1.0;1.0;2.0;1.0;2.0;2.0;1.0;1.0;1.0;1.0;1.0;1.0;2.0
170;7147;1;4.0;6.0;1.0;1.0;1.0;1.0;1.0;1.0;1.0;1.0;1.0;1.0;1.0;1.0;1.0;1.0;1.0;1.0;1.0;1.0;3.0
171;7147;0;2.0;5.0;0.0;1.0;1.0;0.0;1.0;1.0;3.0;1.0;0.0;0.0;0.0;1.0;0.0;1.0;0.0;1.0;0.0;1.0;3.0
172;7150;1;4.0;5.0;1.0;2.0;1.0;1.0;1.0;1.0;1.0;1.0;1.0;1.0;1.0;1.0;1.0;1.0;1.0;1.0;1.0;2.0;2.0
173;7150;0;2.0;5.0;1.0;1.0;1.0;1.0;1.0;1.0;1.0;1.0;1.0;1.0;1.0;1.0;1.0;1.0;1.0;1.0;1.0;0.0;1.0
174;7151;1;8.0;4.0;1.0;2.0;1.0;1.0;1.0;1.0;1.0;1.0;1.0;1.0;1.0;2.0;1.0;2.0;1.0;1.0;1.0;1.0;3.0
175;7151;0;7.0;4.0;1.0;1.0;1.0;1.0;1.0;1.0;1.0;1.0;2.0;2.0;1.0;1.0;1.0;1.0;1.0;1.0;1.0;1.0;3.0
176;7165;0;4.0;6.0;1.0;2.0;1.0;0.0;0.0;1.0;1.0;1.0;1.0;1.0;1.0;2.0;1.0;1.0;1.0;0.0;1.0;2.0;1.0
177;7165;1;7.0;6.0;1.0;3.0;2.0;1.0;1.0;1.0;2.0;1.0;1.0;2.0;1.0;1.0;1.0;1.0;1.0;1.0;1.0;1.0;3.0
178;7194;1;4.0;6.0;0.0;2.0;1.0;0.0;1.0;1.0;1.0;1.0;1.0;1.0;1.0;1.0;1.0;1.0;0.0;1.0;1.0;3.0;2.0
179;7194;0;2.0;5.0;1.0;1.0;1.0;0.0;0.0;1.0;1.0;1.0;1.0;1.0;1.0;1.0;1.0;1.0;1.0;1.0;1.0;1.0;1.0
180;7288;0;4.0;5.0;1.0;1.0;1.0;1.0;1.0;1.0;1.0;1.0;1.0;1.0;1.0;2.0;1.0;1.0;1.0;1.0;1.0;1.0;2.0
181;7288;1;6.0;5.0;1.0;1.0;1.0;1.0;1.0;1.0;1.0;1.0;1.0;1.0;1.0;1.0;1.0;1.0;1.0;1.0;1.0;1.0;5.0
182;7335;0;4.0;5.0;1.0;1.0;1.0;0.0;0.0;1.0;1.0;2.0;1.0;1.0;1.0;1.0;1.0;1.0;1.0;1.0;1.0;1.0;2.0
183;7335;1;8.0;3.0;1.0;1.0;1.0;1.0;2.0;1.0;1.0;2.0;1.0;2.0;1.0;2.0;1.0;1.0;1.0;1.0;1.0;1.0;2.0
184;7341;0;4.0;4.0;1.0;1.0;1.0;1.0;1.0;1.0;1.0;2.0;1.0;1.0;1.0;3.0;2.0;1.0;1.0;2.0;1.0;1.0;1.0
185;7341;1;4.0;6.0;1.0;2.0;1.0;1.0;1.0;1.0;1.0;2.0;1.0;1.0;1.0;2.0;1.0;1.0;1.0;1.0;1.0;1.0;2.0
186;7360;0;2.0;5.0;1.0;2.0;0.0;1.0;1.0;1.0;1.0;1.0;1.0;1.0;1.0;1.0;2.0;1.0;1.0;1.0;1.0;1.0;2.0
187;7360;1;4.0;4.0;1.0;1.0;1.0;1.0;1.0;1.0;1.0;1.0;1.0;1.0;1.0;1.0;1.0;1.0;1.0;1.0;1.0;1.0;2.0
188;7361;0;3.0;5.0;1.0;1.0;1.0;1.0;1.0;1.0;1.0;1.0;1.0;1.0;1.0;2.0;1.0;1.0;1.0;1.0;1.0;1.0;1.0
189;7361;1;6.0;4.0;1.0;2.0;1.0;1.0;1.0;1.0;1.0;2.0;1.0;1.0;1.0;1.0;1.0;1.0;1.0;1.0;1.0;1.0;2.0
190;7409;0;2.0;5.0;1.0;1.0;1.0;0.0;1.0;0.0;1.0;1.0;1.0;1.0;1.0;2.0;1.0;1.0;1.0;2.0;1.0;2.0;1.0
191;7409;1;6.0;6.0;1.0;2.0;1.0;1.0;1.0;1.0;1.0;1.0;1.0;1.0;1.0;2.0;1.0;1.0;1.0;1.0;1.0;1.0;2.0
192;7410;0;5.0;6.0;1.0;2.0;1.0;1.0;1.0;1.0;1.0;1.0;1.0;1.0;1.0;1.0;1.0;1.0;1.0;1.0;2.0;1.0;1.0
193;7410;1;9.0;6.0;1.0;3.0;1.0;1.0;1.0;1.0;1.0;1.0;1.0;2.0;1.0;1.0;1.0;1.0;1.0;1.0;1.0;2.0;4.0
194;7463;0;7.0;5.0;1.0;1.0;1.0;0.0;1.0;2.0;1.0;1.0;1.0;2.0;1.0;1.0;1.0;1.0;0.0;1.0;1.0;1.0;4.0
195;7463;1;9.0;4.0;1.0;1.0;1.0;1.0;1.0;2.0;2.0;1.0;1.0;3.0;1.0;1.0;1.0;2.0;1.0;1.0;1.0;1.0;5.0
196;7500;0;3.0;6.0;1.0;2.0;1.0;0.0;1.0;1.0;1.0;1.0;1.0;1.0;1.0;1.0;1.0;1.0;1.0;1.0;1.0;1.0;2.0
197;7500;1;8.0;4.0;1.0;1.0;1.0;1.0;1.0;1.0;1.0;1.0;1.0;1.0;1.0;1.0;1.0;2.0;1.0;1.0;1.0;1.0;6.0
198;7519;0;4.0;5.0;1.0;1.0;1.0;1.0;1.0;1.0;1.0;1.0;1.0;1.0;2.0;1.0;1.0;1.0;1.0;1.0;1.0;1.0;1.0
199;7519;1;8.0;3.0;1.0;1.0;1.0;1.0;1.0;1.0;1.0;1.0;1.0;2.0;1.0;1.0;1.0;2.0;1.0;1.0;1.0;1.0;5.0
200;7583;1;6.0;6.0;1.0;1.0;1.0;1.0;1.0;1.0;1.0;1.0;1.0;2.0;1.0;1.0;1.0;1.0;1.0;1.0;1.0;1.0;3.0
201;7583;0;3.0;5.0;1.0;1.0;0.0;0.0;1.0;2.0;1.0;1.0;1.0;0.0;1.0;1.0;1.0;0.0;0.0;1.0;1.0;1.0;1.0
202;7593;1;8.0;4.0;1.0;1.0;1.0;1.0;1.0;1.0;1.0;1.0;1.0;1.0;1.0;2.0;2.0;2.0;1.0;1.0;1.0;1.0;2.0
203;7593;0;4.0;5.0;1.0;1.0;1.0;1.0;1.0;1.0;1.0;1.0;1.0;1.0;1.0;2.0;1.0;2.0;1.0;1.0;1.0;1.0;2.0
204;7601;1;5.0;6.0;1.0;2.0;1.0;1.0;1.0;1.0;1.0;1.0;1.0;1.0;1.0;1.0;1.0;1.0;1.0;1.0;1.0;1.0;2.0
205;7601;0;2.0;6.0;1.0;1.0;0.0;1.0;0.0;1.0;0.0;2.0;1.0;1.0;1.0;1.0;1.0;1.0;1.0;1.0;1.0;2.0;1.0
206;7632;1;4.0;7.0;1.0;3.0;1.0;1.0;1.0;1.0;1.0;1.0;1.0;1.0;1.0;1.0;1.0;1.0;1.0;1.0;1.0;3.0;2.0
207;7632;0;2.0;6.0;1.0;2.0;0.0;1.0;1.0;1.0;1.0;1.0;1.0;1.0;1.0;1.0;0.0;1.0;1.0;1.0;1.0;1.0;1.0
208;7635;1;5.0;5.0;1.0;1.0;1.0;1.0;1.0;1.0;1.0;1.0;1.0;1.0;1.0;1.0;1.0;1.0;1.0;1.0;1.0;1.0;3.0
209;7635;0;3.0;6.0;1.0;2.0;1.0;0.0;1.0;1.0;1.0;1.0;1.0;1.0;1.0;1.0;0.0;1.0;1.0;1.0;1.0;1.0;1.0
210;7654;1;7.0;6.0;1.0;2.0;1.0;1.0;1.0;1.0;1.0;1.0;1.0;1.0;1.0;1.0;1.0;1.0;1.0;1.0;1.0;3.0;2.0
211;7654;0;4.0;6.0;1.0;2.0;1.0;1.0;1.0;1.0;1.0;1.0;1.0;1.0;1.0;1.0;1.0;1.0;1.0;1.0;1.0;3.0;2.0
212;7695;1;7.0;8.0;1.0;4.0;2.0;1.0;1.0;1.0;1.0;1.0;1.0;1.0;1.0;1.0;1.0;1.0;1.0;1.0;1.0;2.0;2.0
213;7695;0;4.0;6.0;1.0;2.0;1.0;1.0;1.0;1.0;1.0;2.0;1.0;1.0;1.0;2.0;1.0;1.0;1.0;1.0;1.0;1.0;2.0
214;7720;1;9.0;2.0;1.0;1.0;1.0;1.0;1.0;1.0;1.0;3.0;2.0;1.0;1.0;2.0;2.0;1.0;2.0;1.0;1.0;1.0;3.0
215;7720;0;6.0;3.0;1.0;1.0;1.0;1.0;1.0;1.0;1.0;2.0;1.0;1.0;1.0;3.0;2.0;1.0;2.0;1.0;1.0;1.0;1.0
216;7731;1;8.0;5.0;1.0;2.0;1.0;1.0;1.0;1.0;1.0;1.0;1.0;1.0;1.0;1.0;1.0;1.0;1.0;1.0;1.0;2.0;2.0
217;7731;0;5.0;6.0;1.0;2.0;2.0;1.0;1.0;1.0;1.0;1.0;1.0;1.0;1.0;1.0;1.0;1.0;1.0;1.0;1.0;2.0;1.0
218;7749;1;8.0;4.0;1.0;2.0;1.0;1.0;1.0;1.0;1.0;1.0;1.0;1.0;1.0;1.0;1.0;1.0;1.0;1.0;1.0;1.0;4.0
219;7749;0;6.0;3.0;1.0;1.0;1.0;1.0;1.0;1.0;1.0;1.0;1.0;1.0;1.0;2.0;1.0;2.0;1.0;1.0;1.0;1.0;2.0
220;7761;1;6.0;8.0;1.0;5.0;4.0;1.0;1.0;1.0;1.0;1.0;1.0;1.0;1.0;1.0;1.0;1.0;1.0;1.0;1.0;2.0;1.0
221;7761;0;3.0;7.0;1.0;4.0;2.0;1.0;1.0;1.0;1.0;1.0;1.0;1.0;1.0;1.0;1.0;1.0;1.0;1.0;1.0;1.0;1.0
222;7762;1;8.0;7.0;1.0;6.0;4.0;1.0;1.0;1.0;1.0;2.0;1.0;1.0;1.0;1.0;1.0;1.0;1.0;1.0;1.0;1.0;2.0
223;7762;0;6.0;6.0;1.0;4.0;3.0;1.0;1.0;1.0;1.0;1.0;1.0;1.0;1.0;1.0;1.0;1.0;1.0;1.0;1.0;1.0;2.0
224;7765;1;5.0;5.0;1.0;1.0;1.0;1.0;1.0;1.0;1.0;1.0;1.0;1.0;1.0;1.0;1.0;1.0;1.0;1.0;1.0;1.0;3.0
225;7765;0;5.0;5.0;1.0;2.0;1.0;0.0;0.0;1.0;1.0;1.0;1.0;1.0;1.0;1.0;0.0;1.0;1.0;1.0;1.0;1.0;4.0
226;7768;0;4.0;5.0;0.0;1.0;1.0;1.0;1.0;1.0;1.0;1.0;1.0;1.0;1.0;2.0;1.0;1.0;1.0;1.0;1.0;1.0;2.0
227;7768;1;4.0;5.0;1.0;1.0;1.0;0.0;1.0;1.0;1.0;2.0;1.0;1.0;1.0;1.0;1.0;1.0;1.0;1.0;1.0;1.0;2.0
228;7792;0;3.0;5.0;0.0;1.0;1.0;1.0;2.0;1.0;1.0;2.0;1.0;1.0;1.0;2.0;0.0;1.0;1.0;1.0;1.0;0.0;2.0
229;7792;1;8.0;5.0;0.0;2.0;1.0;0.0;1.0;1.0;1.0;1.0;1.0;1.0;1.0;1.0;1.0;2.0;1.0;1.0;1.0;2.0;4.0
230;7795;1;7.0;6.0;1.0;4.0;2.0;1.0;1.0;1.0;1.0;1.0;1.0;1.0;1.0;1.0;1.0;1.0;1.0;1.0;1.0;2.0;2.0
231;7795;0;3.0;5.0;1.0;1.0;1.0;1.0;1.0;1.0;1.0;1.0;1.0;1.0;1.0;1.0;1.0;1.0;1.0;1.0;2.0;0.0;1.0
232;7799;0;5.0;7.0;1.0;4.0;2.0;1.0;1.0;1.0;1.0;1.0;1.0;1.0;1.0;1.0;1.0;1.0;1.0;1.0;1.0;2.0;1.0
233;7799;1;6.0;7.0;1.0;4.0;3.0;1.0;1.0;1.0;1.0;1.0;1.0;1.0;1.0;1.0;1.0;1.0;1.0;1.0;1.0;1.0;1.0
234;7803;0;3.0;5.0;1.0;2.0;1.0;0.0;1.0;1.0;1.0;1.0;1.0;1.0;0.0;1.0;1.0;0.0;1.0;1.0;1.0;1.0;1.0
235;7803;1;8.0;5.0;1.0;2.0;1.0;1.0;1.0;1.0;2.0;1.0;1.0;2.0;1.0;1.0;1.0;1.0;1.0;1.0;1.0;1.0;5.0
236;7820;1;7.0;5.0;1.0;3.0;2.0;0.0;1.0;1.0;1.0;1.0;1.0;1.0;1.0;1.0;1.0;1.0;1.0;1.0;1.0;1.0;4.0
237;7820;0;6.0;5.0;1.0;2.0;1.0;1.0;1.0;1.0;1.0;1.0;1.0;1.0;1.0;1.0;1.0;1.0;1.0;1.0;1.0;1.0;4.0
238;7824;0;4.0;6.0;1.0;2.0;1.0;1.0;1.0;1.0;1.0;2.0;1.0;1.0;1.0;1.0;1.0;1.0;1.0;1.0;1.0;1.0;2.0
239;7824;1;7.0;6.0;1.0;4.0;3.0;1.0;1.0;1.0;1.0;2.0;1.0;1.0;1.0;1.0;1.0;1.0;1.0;1.0;1.0;1.0;2.0
240;7826;0;3.0;6.0;1.0;3.0;2.0;1.0;1.0;1.0;1.0;2.0;1.0;1.0;1.0;1.0;1.0;1.0;1.0;1.0;1.0;1.0;2.0
241;7826;1;6.0;6.0;1.0;3.0;2.0;0.0;1.0;1.0;1.0;1.0;1.0;1.0;1.0;1.0;1.0;1.0;1.0;1.0;1.0;2.0;1.0
242;7894;1;4.0;4.0;1.0;1.0;1.0;1.0;1.0;1.0;1.0;1.0;1.0;1.0;1.0;2.0;1.0;1.0;1.0;1.0;1.0;1.0;3.0
243;7894;0;2.0;5.0;1.0;1.0;0.0;1.0;1.0;1.0;1.0;1.0;0.0;1.0;1.0;1.0;1.0;1.0;0.0;1.0;1.0;1.0;1.0
244;7915;1;2.0;5.0;1.0;2.0;1.0;0.0;1.0;1.0;1.0;1.0;1.0;1.0;1.0;1.0;1.0;1.0;1.0;1.0;1.0;2.0;1.0
245;7915;0;3.0;5.0;1.0;1.0;1.0;1.0;1.0;1.0;1.0;1.0;1.0;1.0;1.0;1.0;1.0;1.0;1.0;1.0;2.0;1.0;1.0
246;7916;1;3.0;5.0;1.0;2.0;1.0;1.0;1.0;1.0;1.0;2.0;1.0;1.0;1.0;1.0;1.0;1.0;1.0;1.0;1.0;1.0;1.0
247;7916;0;3.0;5.0;0.0;1.0;1.0;1.0;1.0;1.0;1.0;1.0;1.0;1.0;1.0;1.0;1.0;1.0;1.0;1.0;1.0;1.0;2.0
248;7921;0;2.0;6.0;1.0;1.0;1.0;1.0;1.0;1.0;1.0;1.0;1.0;1.0;1.0;2.0;1.0;1.0;1.0;1.0;1.0;1.0;2.0
249;7921;1;3.0;5.0;2.0;2.0;1.0;1.0;1.0;1.0;1.0;1.0;0.0;1.0;1.0;1.0;1.0;1.0;1.0;1.0;1.0;1.0;1.0
250;7937;0;6.0;4.0;1.0;1.0;1.0;1.0;1.0;1.0;1.0;1.0;1.0;1.0;1.0;1.0;1.0;1.0;1.0;1.0;1.0;1.0;3.0
251;7937;1;8.0;3.0;1.0;1.0;1.0;1.0;1.0;1.0;1.0;2.0;2.0;2.0;1.0;1.0;1.0;2.0;1.0;1.0;1.0;1.0;4.0
252;7967;1;8.0;4.0;1.0;1.0;1.0;1.0;1.0;1.0;2.0;1.0;1.0;2.0;1.0;1.0;1.0;2.0;1.0;1.0;1.0;1.0;5.0
253;7967;0;2.0;5.0;1.0;1.0;1.0;1.0;1.0;1.0;1.0;1.0;1.0;1.0;1.0;2.0;1.0;1.0;1.0;1.0;0.0;1.0;1.0
254;7969;0;2.0;4.0;1.0;1.0;0.0;0.0;1.0;1.0;1.0;1.0;1.0;0.0;2.0;2.0;1.0;1.0;1.0;1.0;1.0;1.0;2.0
255;7969;1;7.0;3.0;1.0;1.0;1.0;1.0;2.0;2.0;0.0;1.0;1.0;1.0;2.0;2.0;1.0;1.0;1.0;1.0;0.0;1.0;2.0
256;7983;1;6.0;4.0;1.0;3.0;2.0;1.0;1.0;1.0;1.0;2.0;1.0;1.0;1.0;2.0;1.0;1.0;2.0;1.0;1.0;1.0;2.0
257;7983;0;3.0;5.0;1.0;2.0;1.0;1.0;1.0;1.0;1.0;1.0;1.0;1.0;1.0;2.0;1.0;1.0;1.0;1.0;2.0;2.0;1.0
258;7991;0;4.0;4.0;1.0;1.0;0.0;0.0;1.0;1.0;1.0;2.0;1.0;1.0;1.0;1.0;1.0;1.0;1.0;1.0;1.0;1.0;2.0
259;7991;1;5.0;3.0;1.0;1.0;1.0;1.0;1.0;1.0;1.0;2.0;1.0;1.0;1.0;3.0;2.0;1.0;2.0;1.0;1.0;1.0;2.0
260;7997;0;3.0;5.0;1.0;1.0;1.0;1.0;1.0;1.0;1.0;1.0;1.0;1.0;1.0;2.0;1.0;1.0;1.0;1.0;1.0;2.0;1.0
261;7997;1;5.0;5.0;0.0;1.0;1.0;1.0;1.0;1.0;1.0;1.0;1.0;1.0;1.0;1.0;1.0;2.0;1.0;0.0;1.0;1.0;3.0
262;8007;0;3.0;5.0;1.0;1.0;1.0;0.0;1.0;1.0;1.0;1.0;1.0;1.0;1.0;2.0;1.0;1.0;1.0;1.0;1.0;1.0;1.0
263;8007;1;2.0;6.0;1.0;2.0;1.0;1.0;1.0;1.0;1.0;1.0;1.0;1.0;1.0;1.0;1.0;1.0;1.0;1.0;0.0;1.0;1.0
264;8030;0;4.0;5.0;1.0;2.0;1.0;1.0;1.0;1.0;0.0;1.0;1.0;1.0;1.0;1.0;1.0;1.0;1.0;1.0;1.0;1.0;1.0
265;8030;1;4.0;3.0;1.0;0.0;0.0;1.0;2.0;1.0;1.0;2.0;1.0;1.0;0.0;2.0;2.0;1.0;2.0;1.0;1.0;0.0;1.0
266;8038;1;8.0;6.0;1.0;4.0;2.0;1.0;1.0;1.0;1.0;1.0;1.0;2.0;1.0;1.0;1.0;1.0;1.0;1.0;1.0;1.0;4.0
267;8038;0;4.0;6.0;1.0;2.0;1.0;0.0;1.0;1.0;1.0;1.0;1.0;1.0;1.0;1.0;1.0;1.0;1.0;1.0;1.0;2.0;2.0
268;8042;1;3.0;5.0;1.0;1.0;1.0;0.0;1.0;1.0;1.0;1.0;1.0;1.0;1.0;1.0;1.0;1.0;1.0;1.0;1.0;1.0;2.0
269;8042;0;3.0;6.0;1.0;3.0;1.0;0.0;1.0;1.0;1.0;1.0;1.0;1.0;1.0;1.0;1.0;0.0;1.0;1.0;1.0;1.0;2.0
270;8048;1;7.0;6.0;1.0;3.0;2.0;1.0;1.0;1.0;1.0;1.0;1.0;1.0;1.0;1.0;1.0;1.0;1.0;1.0;1.0;2.0;1.0
271;8048;0;3.0;5.0;1.0;2.0;1.0;1.0;1.0;1.0;1.0;1.0;1.0;1.0;1.0;2.0;1.0;1.0;1.0;1.0;1.0;1.0;1.0
272;8051;0;3.0;6.0;1.0;2.0;1.0;1.0;0.0;1.0;1.0;1.0;1.0;1.0;1.0;1.0;1.0;1.0;1.0;1.0;1.0;1.0;1.0
273;8051;1;8.0;6.0;1.0;3.0;2.0;1.0;1.0;1.0;1.0;1.0;1.0;1.0;1.0;1.0;1.0;1.0;1.0;1.0;1.0;1.0;3.0
274;8063;0;2.0;6.0;1.0;2.0;1.0;0.0;1.0;2.0;1.0;2.0;1.0;1.0;1.0;2.0;1.0;0.0;1.0;1.0;1.0;2.0;1.0
275;8063;1;5.0;5.0;1.0;2.0;1.0;1.0;1.0;2.0;1.0;2.0;1.0;1.0;1.0;2.0;1.0;1.0;1.0;1.0;1.0;1.0;1.0
276;8077;0;6.0;3.0;1.0;1.0;1.0;1.0;4.0;2.0;1.0;1.0;1.0;1.0;1.0;1.0;1.0;1.0;2.0;1.0;1.0;0.0;1.0
277;8077;1;9.0;3.0;1.0;1.0;1.0;2.0;3.0;2.0;1.0;2.0;1.0;1.0;1.0;2.0;1.0;1.0;2.0;1.0;1.0;1.0;2.0
278;8078;1;7.0;5.0;1.0;2.0;1.0;1.0;1.0;1.0;1.0;1.0;1.0;1.0;1.0;1.0;1.0;1.0;1.0;1.0;1.0;2.0;5.0
279;8078;0;6.0;4.0;1.0;1.0;1.0;1.0;1.0;1.0;1.0;1.0;1.0;2.0;1.0;1.0;1.0;1.0;1.0;1.0;1.0;1.0;5.0
280;8082;0;3.0;5.0;1.0;2.0;1.0;0.0;1.0;1.0;1.0;1.0;1.0;1.0;1.0;1.0;0.0;1.0;1.0;1.0;1.0;1.0;1.0
281;8082;1;8.0;2.0;1.0;1.0;1.0;2.0;1.0;1.0;1.0;2.0;1.0;1.0;1.0;2.0;2.0;2.0;2.0;1.0;1.0;1.0;2.0
282;8091;1;5.0;8.0;1.0;4.0;3.0;1.0;1.0;1.0;1.0;1.0;1.0;1.0;1.0;1.0;1.0;1.0;1.0;1.0;1.0;1.0;2.0
283;8091;0;4.0;6.0;1.0;2.0;1.0;1.0;1.0;1.0;1.0;1.0;1.0;1.0;1.0;1.0;1.0;1.0;1.0;1.0;1.0;2.0;1.0
284;8093;1;7.0;6.0;1.0;3.0;2.0;1.0;1.0;1.0;1.0;1.0;1.0;1.0;1.0;1.0;1.0;1.0;1.0;1.0;1.0;1.0;2.0
285;8093;0;3.0;6.0;1.0;1.0;1.0;1.0;1.0;1.0;1.0;1.0;1.0;1.0;1.0;1.0;1.0;1.0;1.0;1.0;1.0;1.0;1.0
286;8103;1;7.0;7.0;1.0;2.0;1.0;1.0;1.0;1.0;1.0;1.0;1.0;1.0;1.0;1.0;1.0;1.0;1.0;1.0;2.0;1.0;2.0
287;8103;0;3.0;6.0;1.0;1.0;1.0;1.0;1.0;1.0;1.0;1.0;1.0;1.0;1.0;2.0;1.0;1.0;1.0;1.0;2.0;1.0;1.0
288;8118;1;3.0;5.0;1.0;1.0;1.0;1.0;1.0;1.0;1.0;1.0;1.0;1.0;1.0;1.0;1.0;1.0;2.0;1.0;1.0;1.0;2.0
289;8118;0;2.0;4.0;0.0;1.0;1.0;1.0;1.0;0.0;1.0;1.0;1.0;1.0;1.0;2.0;1.0;1.0;1.0;1.0;1.0;0.0;2.0
290;8125;1;4.0;4.0;1.0;1.0;1.0;1.0;1.0;1.0;1.0;2.0;1.0;1.0;1.0;1.0;1.0;1.0;1.0;1.0;1.0;1.0;2.0
291;8125;0;4.0;5.0;1.0;1.0;1.0;1.0;1.0;1.0;1.0;1.0;1.0;1.0;1.0;2.0;1.0;1.0;1.0;1.0;1.0;1.0;2.0
292;8129;1;7.0;6.0;1.0;2.0;1.0;1.0;1.0;1.0;1.0;1.0;1.0;1.0;1.0;1.0;1.0;1.0;1.0;1.0;1.0;2.0;3.0
293;8129;0;3.0;6.0;1.0;2.0;2.0;1.0;1.0;1.0;1.0;1.0;1.0;1.0;1.0;1.0;1.0;1.0;1.0;1.0;1.0;1.0;2.0
294;8137;1;8.0;7.0;1.0;3.0;4.0;1.0;1.0;1.0;1.0;1.0;1.0;1.0;1.0;1.0;1.0;1.0;1.0;1.0;2.0;2.0;1.0
295;8137;0;6.0;7.0;1.0;2.0;2.0;1.0;1.0;1.0;1.0;1.0;1.0;1.0;1.0;1.0;1.0;1.0;1.0;1.0;2.0;2.0;1.0
296;8159;1;9.0;6.0;1.0;3.0;3.0;1.0;1.0;1.0;2.0;1.0;1.0;2.0;1.0;1.0;1.0;1.0;1.0;1.0;1.0;1.0;3.0
297;8159;0;4.0;7.0;1.0;4.0;2.0;1.0;1.0;1.0;1.0;1.0;1.0;1.0;1.0;1.0;1.0;1.0;1.0;1.0;1.0;2.0;2.0
298;8163;0;4.0;6.0;1.0;2.0;1.0;1.0;1.0;1.0;1.0;1.0;1.0;1.0;1.0;2.0;1.0;1.0;1.0;1.0;1.0;1.0;1.0
299;8163;1;8.0;5.0;1.0;2.0;2.0;1.0;1.0;1.0;1.0;1.0;1.0;2.0;1.0;1.0;1.0;1.0;1.0;1.0;1.0;1.0;3.0
300;8174;0;3.0;5.0;0.0;1.0;1.0;1.0;1.0;1.0;1.0;1.0;1.0;1.0;1.0;1.0;1.0;1.0;1.0;1.0;1.0;1.0;2.0
301;8174;1;7.0;4.0;1.0;2.0;1.0;1.0;1.0;1.0;1.0;1.0;1.0;2.0;1.0;1.0;1.0;2.0;1.0;1.0;1.0;1.0;4.0
302;8175;0;6.0;4.0;1.0;1.0;1.0;1.0;1.0;1.0;1.0;2.0;1.0;1.0;1.0;2.0;1.0;1.0;1.0;1.0;1.0;1.0;3.0
303;8175;1;8.0;4.0;1.0;1.0;1.0;1.0;1.0;1.0;1.0;2.0;1.0;1.0;1.0;2.0;1.0;1.0;1.0;2.0;1.0;1.0;3.0
304;8180;1;9.0;3.0;1.0;1.0;1.0;1.0;1.0;1.0;1.0;2.0;2.0;2.0;1.0;3.0;2.0;2.0;1.0;1.0;0.0;1.0;3.0
305;8180;0;6.0;4.0;1.0;1.0;1.0;1.0;1.0;1.0;1.0;2.0;1.0;1.0;1.0;2.0;1.0;1.0;1.0;1.0;0.0;0.0;2.0
306;8184;1;8.0;5.0;1.0;1.0;1.0;1.0;1.0;1.0;2.0;1.0;1.0;2.0;1.0;1.0;1.0;2.0;1.0;1.0;1.0;1.0;5.0
307;8184;0;5.0;5.0;1.0;1.0;1.0;1.0;1.0;1.0;1.0;1.0;1.0;1.0;1.0;1.0;1.0;1.0;1.0;1.0;1.0;1.0;2.0
308;8186;0;3.0;6.0;1.0;1.0;1.0;0.0;1.0;1.0;1.0;1.0;1.0;1.0;1.0;1.0;1.0;1.0;0.0;0.0;1.0;2.0;1.0
309;8186;1;7.0;4.0;0.0;1.0;1.0;1.0;1.0;1.0;1.0;1.0;1.0;1.0;1.0;1.0;1.0;1.0;1.0;1.0;1.0;1.0;3.0
310;8193;1;7.0;4.0;1.0;1.0;1.0;1.0;1.0;1.0;1.0;1.0;1.0;1.0;1.0;1.0;1.0;2.0;1.0;1.0;1.0;1.0;3.0
311;8193;0;3.0;5.0;1.0;1.0;1.0;1.0;1.0;1.0;1.0;1.0;1.0;1.0;1.0;1.0;1.0;1.0;1.0;1.0;1.0;1.0;2.0
312;8205;1;4.0;5.0;1.0;2.0;1.0;0.0;1.0;1.0;1.0;1.0;1.0;1.0;1.0;1.0;1.0;1.0;1.0;1.0;0.0;1.0;1.0
313;8205;0;3.0;6.0;0.0;2.0;0.0;1.0;1.0;2.0;1.0;1.0;1.0;1.0;1.0;1.0;1.0;1.0;1.0;1.0;1.0;1.0;1.0
314;8294;1;4.0;6.0;0.0;2.0;1.0;1.0;1.0;1.0;1.0;1.0;1.0;1.0;1.0;1.0;1.0;1.0;1.0;1.0;1.0;1.0;1.0
315;8294;0;3.0;5.0;1.0;1.0;0.0;1.0;1.0;1.0;1.0;2.0;1.0;1.0;1.0;1.0;1.0;1.0;2.0;1.0;1.0;1.0;1.0
316;8363;0;4.0;6.0;1.0;2.0;1.0;0.0;1.0;1.0;1.0;1.0;1.0;1.0;1.0;1.0;1.0;1.0;1.0;1.0;1.0;2.0;2.0
317;8363;1;5.0;6.0;1.0;1.0;1.0;1.0;1.0;1.0;1.0;1.0;1.0;1.0;1.0;1.0;1.0;1.0;1.0;1.0;2.0;2.0;1.0
318;8375;1;9.0;3.0;1.0;1.0;1.0;1.0;1.0;1.0;1.0;1.0;1.0;2.0;1.0;1.0;1.0;1.0;1.0;1.0;1.0;1.0;4.0
319;8375;0;5.0;4.0;0.0;1.0;1.0;1.0;1.0;1.0;1.0;1.0;1.0;1.0;1.0;1.0;1.0;1.0;1.0;1.0;1.0;1.0;3.0
320;8452;1;9.0;3.0;1.0;1.0;1.0;1.0;1.0;1.0;1.0;1.0;1.0;3.0;1.0;2.0;1.0;2.0;1.0;1.0;1.0;1.0;5.0
321;8452;0;6.0;4.0;0.0;1.0;1.0;1.0;1.0;1.0;1.0;2.0;1.0;2.0;1.0;1.0;1.0;1.0;1.0;1.0;1.0;1.0;2.0
322;8456;1;7.0;4.0;1.0;1.0;1.0;1.0;1.0;2.0;1.0;1.0;2.0;1.0;1.0;1.0;1.0;1.0;1.0;1.0;1.0;1.0;3.0
323;8456;0;3.0;5.0;1.0;1.0;1.0;0.0;1.0;1.0;1.0;1.0;1.0;1.0;1.0;2.0;1.0;1.0;1.0;1.0;1.0;1.0;2.0
324;8467;1;8.0;9.0;5.0;7.0;1.0;1.0;1.0;1.0;1.0;1.0;1.0;1.0;2.0;1.0;1.0;1.0;1.0;1.0;1.0;1.0;1.0
325;8467;0;8.0;9.0;5.0;7.0;1.0;1.0;1.0;2.0;1.0;1.0;1.0;1.0;2.0;1.0;1.0;1.0;1.0;1.0;1.0;1.0;1.0
326;8615;1;4.0;6.0;1.0;3.0;1.0;1.0;1.0;1.0;1.0;1.0;1.0;1.0;1.0;1.0;1.0;1.0;1.0;1.0;1.0;2.0;2.0
327;8615;0;2.0;5.0;1.0;1.0;1.0;1.0;1.0;1.0;1.0;1.0;1.0;1.0;1.0;1.0;1.0;1.0;1.0;1.0;1.0;1.0;1.0
328;8635;0;6.0;7.0;1.0;4.0;2.0;1.0;1.0;1.0;1.0;1.0;1.0;1.0;1.0;1.0;1.0;1.0;1.0;1.0;1.0;2.0;1.0
329;8635;1;8.0;7.0;1.0;4.0;2.0;1.0;1.0;1.0;1.0;1.0;1.0;1.0;1.0;1.0;1.0;1.0;1.0;1.0;1.0;2.0;2.0
330;8658;1;8.0;4.0;1.0;1.0;1.0;1.0;1.0;1.0;1.0;2.0;1.0;1.0;1.0;1.0;1.0;1.0;1.0;1.0;1.0;1.0;3.0
331;8658;0;4.0;4.0;1.0;1.0;1.0;1.0;1.0;1.0;1.0;1.0;1.0;1.0;1.0;2.0;1.0;1.0;1.0;1.0;1.0;1.0;2.0
332;8697;1;8.0;4.0;1.0;1.0;1.0;1.0;1.0;1.0;1.0;2.0;1.0;1.0;1.0;2.0;1.0;1.0;1.0;1.0;1.0;1.0;3.0
333;8697;0;5.0;4.0;1.0;1.0;1.0;1.0;1.0;1.0;1.0;2.0;1.0;2.0;1.0;2.0;2.0;1.0;1.0;1.0;1.0;1.0;3.0
334;8712;1;8.0;3.0;1.0;1.0;1.0;1.0;1.0;1.0;1.0;2.0;2.0;1.0;1.0;2.0;1.0;1.0;2.0;1.0;1.0;1.0;1.0
335;8712;0;4.0;5.0;1.0;1.0;1.0;1.0;1.0;1.0;1.0;1.0;1.0;1.0;1.0;2.0;1.0;1.0;1.0;1.0;1.0;1.0;2.0
336;8723;1;6.0;4.0;1.0;1.0;1.0;1.0;1.0;1.0;1.0;1.0;1.0;1.0;1.0;1.0;1.0;2.0;1.0;1.0;1.0;1.0;3.0
337;8723;0;4.0;5.0;1.0;1.0;0.0;0.0;1.0;1.0;1.0;1.0;1.0;1.0;2.0;1.0;1.0;1.0;1.0;0.0;1.0;1.0;1.0
338;8785;1;7.0;7.0;1.0;3.0;2.0;1.0;1.0;1.0;1.0;1.0;1.0;1.0;1.0;1.0;1.0;1.0;1.0;1.0;1.0;1.0;4.0
339;8785;0;4.0;6.0;1.0;2.0;2.0;1.0;1.0;1.0;1.0;1.0;1.0;1.0;1.0;1.0;1.0;1.0;1.0;1.0;1.0;2.0;2.0
340;8797;1;8.0;5.0;1.0;3.0;1.0;1.0;1.0;2.0;1.0;1.0;1.0;1.0;1.0;2.0;1.0;1.0;1.0;1.0;1.0;1.0;1.0
341;8797;0;7.0;3.0;0.0;1.0;1.0;1.0;1.0;1.0;1.0;1.0;1.0;2.0;1.0;2.0;1.0;2.0;1.0;1.0;1.0;1.0;3.0
342;8857;0;2.0;5.0;1.0;1.0;1.0;1.0;1.0;1.0;0.0;1.0;1.0;1.0;1.0;1.0;1.0;1.0;0.0;1.0;1.0;2.0;1.0
343;8857;1;5.0;5.0;1.0;1.0;1.0;1.0;1.0;1.0;1.0;1.0;1.0;1.0;1.0;2.0;1.0;1.0;1.0;1.0;1.0;1.0;1.0
344;8892;0;7.0;2.0;1.0;1.0;0.0;1.0;1.0;1.0;1.0;3.0;1.0;1.0;1.0;3.0;2.0;3.0;1.0;1.0;1.0;1.0;2.0
345;8892;1;9.0;2.0;1.0;1.0;1.0;1.0;1.0;1.0;1.0;3.0;1.0;2.0;1.0;3.0;2.0;2.0;2.0;1.0;1.0;1.0;3.0
346;8908;0;2.0;6.0;1.0;3.0;2.0;0.0;1.0;1.0;2.0;1.0;1.0;1.0;1.0;1.0;1.0;1.0;1.0;0.0;2.0;1.0;1.0
347;8908;1;6.0;7.0;1.0;5.0;3.0;1.0;1.0;1.0;1.0;1.0;1.0;1.0;1.0;1.0;1.0;1.0;1.0;1.0;1.0;2.0;2.0
348;8914;1;7.0;4.0;1.0;1.0;1.0;1.0;1.0;1.0;1.0;1.0;1.0;1.0;1.0;1.0;1.0;1.0;1.0;1.0;1.0;1.0;3.0
349;8914;0;3.0;5.0;0.0;1.0;1.0;1.0;1.0;1.0;1.0;2.0;1.0;1.0;1.0;2.0;1.0;1.0;1.0;1.0;1.0;1.0;3.0
350;8918;1;8.0;4.0;1.0;2.0;1.0;1.0;1.0;1.0;1.0;2.0;1.0;2.0;1.0;1.0;1.0;2.0;1.0;1.0;1.0;1.0;3.0
351;8918;0;4.0;5.0;0.0;1.0;1.0;0.0;1.0;1.0;1.0;1.0;1.0;1.0;1.0;1.0;1.0;1.0;1.0;1.0;1.0;1.0;2.0
352;9016;1;3.0;6.0;1.0;2.0;1.0;1.0;1.0;1.0;1.0;1.0;1.0;1.0;1.0;1.0;1.0;1.0;1.0;1.0;1.0;1.0;1.0
353;9016;0;2.0;5.0;1.0;2.0;1.0;1.0;1.0;1.0;1.0;1.0;1.0;1.0;1.0;1.0;1.0;2.0;1.0;1.0;1.0;1.0;2.0
354;9024;1;8.0;6.0;1.0;2.0;2.0;1.0;1.0;2.0;1.0;1.0;1.0;1.0;1.0;1.0;1.0;1.0;1.0;1.0;2.0;3.0;2.0
355;9024;0;4.0;6.0;1.0;2.0;1.0;0.0;0.0;1.0;1.0;1.0;1.0;2.0;1.0;1.0;1.0;1.0;1.0;1.0;1.0;1.0;3.0
356;9025;0;4.0;5.0;1.0;2.0;1.0;0.0;1.0;1.0;1.0;1.0;2.0;1.0;1.0;1.0;1.0;1.0;1.0;1.0;1.0;1.0;1.0
357;9025;1;7.0;6.0;1.0;3.0;1.0;1.0;1.0;2.0;1.0;1.0;1.0;2.0;1.0;1.0;1.0;1.0;1.0;1.0;1.0;1.0;3.0
358;9256;0;2.0;5.0;1.0;2.0;1.0;0.0;1.0;1.0;1.0;1.0;1.0;1.0;1.0;1.0;1.0;1.0;1.0;1.0;1.0;1.0;1.0
359;9256;1;3.0;5.0;1.0;1.0;1.0;1.0;1.0;2.0;1.0;1.0;1.0;1.0;1.0;2.0;1.0;1.0;1.0;1.0;1.0;1.0;2.0
360;9261;1;3.0;5.0;1.0;1.0;0.0;0.0;1.0;1.0;1.0;1.0;1.0;1.0;1.0;1.0;1.0;1.0;1.0;1.0;1.0;1.0;2.0
361;9261;0;4.0;4.0;0.0;1.0;1.0;1.0;1.0;1.0;1.0;1.0;1.0;1.0;1.0;1.0;1.0;2.0;2.0;1.0;1.0;1.0;2.0
362;9589;0;3.0;5.0;1.0;2.0;1.0;1.0;1.0;1.0;1.0;1.0;1.0;1.0;1.0;1.0;1.0;1.0;1.0;1.0;1.0;1.0;1.0
363;9589;1;8.0;4.0;1.0;1.0;1.0;1.0;1.0;1.0;1.0;1.0;2.0;1.0;1.0;2.0;1.0;1.0;2.0;2.0;1.0;1.0;1.0
364;9609;1;7.0;3.0;1.0;1.0;1.0;1.0;1.0;1.0;1.0;2.0;1.0;1.0;1.0;1.0;1.0;1.0;2.0;1.0;1.0;1.0;1.0
365;9609;0;3.0;5.0;1.0;2.0;0.0;0.0;1.0;1.0;1.0;2.0;1.0;1.0;1.0;1.0;1.0;1.0;1.0;2.0;1.0;1.0;1.0
366;9862;1;8.0;5.0;1.0;3.0;2.0;1.0;1.0;1.0;1.0;1.0;1.0;2.0;1.0;1.0;1.0;1.0;1.0;1.0;1.0;1.0;3.0
367;9862;0;3.0;6.0;1.0;2.0;1.0;1.0;1.0;1.0;1.0;2.0;1.0;1.0;2.0;1.0;1.0;1.0;1.0;1.0;1.0;1.0;2.0
368;10285;0;3.0;5.0;1.0;1.0;1.0;1.0;1.0;1.0;1.0;2.0;1.0;1.0;1.0;1.0;1.0;1.0;1.0;1.0;1.0;1.0;1.0
369;10285;1;5.0;5.0;0.0;1.0;0.0;1.0;0.0;1.0;1.0;1.0;1.0;1.0;1.0;2.0;1.0;1.0;1.0;1.0;1.0;1.0;2.0
370;10364;0;6.0;6.0;1.0;1.0;1.0;1.0;1.0;2.0;1.0;1.0;1.0;1.0;1.0;1.0;1.0;1.0;1.0;2.0;1.0;1.0;2.0
371;10364;1;8.0;6.0;1.0;1.0;1.0;1.0;1.0;4.0;1.0;1.0;1.0;1.0;1.0;1.0;1.0;1.0;1.0;2.0;1.0;1.0;2.0
372;10400;1;7.0;4.0;1.0;2.0;1.0;1.0;1.0;1.0;2.0;1.0;1.0;2.0;1.0;1.0;1.0;2.0;1.0;1.0;1.0;1.0;5.0
373;10400;0;3.0;6.0;1.0;1.0;1.0;1.0;1.0;1.0;2.0;1.0;1.0;1.0;1.0;1.0;1.0;1.0;1.0;1.0;1.0;1.0;2.0
374;10430;1;9.0;2.0;1.0;1.0;1.0;1.0;1.0;1.0;1.0;4.0;1.0;1.0;1.0;4.0;4.0;1.0;2.0;1.0;1.0;1.0;1.0
375;10430;0;7.0;2.0;1.0;1.0;0.0;1.0;1.0;1.0;1.0;3.0;1.0;1.0;1.0;3.0;3.0;1.0;2.0;1.0;1.0;1.0;2.0
376;10448;0;7.0;3.0;1.0;0.0;1.0;1.0;1.0;2.0;1.0;2.0;1.0;1.0;1.0;1.0;1.0;1.0;2.0;1.0;1.0;0.0;1.0
377;10448;1;9.0;3.0;1.0;1.0;1.0;1.0;4.0;2.0;1.0;2.0;1.0;1.0;2.0;2.0;1.0;2.0;2.0;1.0;1.0;1.0;2.0
378;10722;0;4.0;6.0;1.0;2.0;1.0;1.0;1.0;1.0;1.0;1.0;1.0;1.0;1.0;1.0;1.0;1.0;1.0;1.0;1.0;1.0;2.0
379;10722;1;8.0;6.0;1.0;4.0;2.0;1.0;1.0;2.0;1.0;1.0;1.0;1.0;1.0;1.0;1.0;1.0;1.0;1.0;1.0;2.0;3.0
380;10748;1;7.0;6.0;1.0;3.0;1.0;1.0;1.0;1.0;1.0;1.0;1.0;1.0;1.0;1.0;1.0;1.0;1.0;1.0;1.0;2.0;2.0
381;10748;0;5.0;6.0;1.0;3.0;1.0;1.0;1.0;1.0;1.0;1.0;1.0;1.0;1.0;2.0;1.0;1.0;1.0;1.0;1.0;3.0;2.0
382;10797;0;3.0;4.0;1.0;1.0;0.0;1.0;1.0;1.0;1.0;1.0;2.0;1.0;1.0;1.0;1.0;1.0;1.0;1.0;1.0;1.0;1.0
383;10797;1;3.0;6.0;1.0;2.0;1.0;1.0;1.0;1.0;1.0;1.0;1.0;0.0;1.0;1.0;1.0;1.0;1.0;1.0;1.0;1.0;1.0
384;10882;0;6.0;8.0;1.0;5.0;4.0;1.0;1.0;1.0;1.0;1.0;1.0;1.0;1.0;1.0;1.0;1.0;1.0;1.0;1.0;1.0;1.0
385;10882;1;8.0;8.0;1.0;6.0;4.0;1.0;1.0;1.0;1.0;1.0;1.0;1.0;1.0;1.0;1.0;1.0;1.0;1.0;1.0;2.0;1.0
386;10890;1;6.0;6.0;1.0;5.0;3.0;1.0;1.0;1.0;1.0;1.0;1.0;1.0;1.0;1.0;1.0;1.0;1.0;1.0;1.0;1.0;2.0
387;10890;0;3.0;5.0;1.0;1.0;0.0;1.0;1.0;1.0;1.0;2.0;1.0;1.0;1.0;2.0;1.0;1.0;1.0;1.0;1.0;1.0;1.0
388;10895;1;6.0;6.0;1.0;4.0;2.0;1.0;1.0;1.0;1.0;1.0;1.0;1.0;1.0;1.0;1.0;1.0;1.0;1.0;1.0;1.0;2.0
389;10895;0;4.0;5.0;1.0;1.0;1.0;1.0;1.0;1.0;1.0;1.0;1.0;1.0;1.0;2.0;1.0;1.0;1.0;1.0;2.0;1.0;1.0
390;10925;0;6.0;4.0;1.0;1.0;1.0;1.0;1.0;1.0;1.0;2.0;1.0;1.0;1.0;1.0;1.0;1.0;1.0;1.0;1.0;1.0;2.0
391;10925;1;9.0;2.0;1.0;1.0;1.0;1.0;2.0;1.0;1.0;2.0;3.0;1.0;1.0;2.0;1.0;1.0;2.0;1.0;1.0;0.0;2.0
392;11086;1;8.0;6.0;1.0;3.0;2.0;0.0;1.0;1.0;1.0;1.0;1.0;1.0;1.0;1.0;1.0;1.0;1.0;1.0;1.0;2.0;3.0
393;11086;0;7.0;7.0;1.0;3.0;1.0;1.0;1.0;1.0;1.0;1.0;1.0;1.0;1.0;1.0;1.0;1.0;1.0;1.0;1.0;2.0;2.0
394;11124;1;4.0;6.0;1.0;2.0;1.0;1.0;1.0;2.0;1.0;1.0;1.0;1.0;1.0;1.0;1.0;1.0;1.0;1.0;1.0;1.0;2.0
395;11124;0;3.0;6.0;1.0;2.0;1.0;1.0;1.0;1.0;1.0;2.0;1.0;1.0;1.0;1.0;1.0;1.0;1.0;1.0;1.0;1.0;2.0
396;11419;0;2.0;6.0;0.0;1.0;1.0;0.0;1.0;1.0;1.0;1.0;1.0;1.0;1.0;2.0;1.0;1.0;1.0;1.0;1.0;2.0;3.0
397;11419;1;8.0;4.0;1.0;1.0;1.0;1.0;1.0;1.0;1.0;1.0;1.0;2.0;1.0;1.0;1.0;2.0;1.0;1.0;1.0;1.0;5.0
398;11428;0;5.0;4.0;1.0;1.0;0.0;3.0;1.0;1.0;1.0;2.0;1.0;1.0;1.0;2.0;1.0;1.0;1.0;1.0;1.0;1.0;1.0
399;11428;1;8.0;4.0;1.0;1.0;1.0;1.0;1.0;1.0;1.0;1.0;1.0;2.0;1.0;1.0;1.0;2.0;1.0;1.0;1.0;1.0;4.0
400;11525;0;4.0;7.0;1.0;4.0;3.0;1.0;1.0;1.0;1.0;1.0;1.0;1.0;1.0;1.0;1.0;1.0;1.0;1.0;1.0;1.0;1.0
401;11525;1;7.0;4.0;0.0;1.0;1.0;1.0;1.0;1.0;1.0;1.0;1.0;1.0;1.0;1.0;1.0;2.0;1.0;1.0;1.0;1.0;3.0
402;11527;0;4.0;5.0;1.0;2.0;1.0;0.0;1.0;1.0;1.0;1.0;1.0;1.0;1.0;1.0;1.0;1.0;1.0;1.0;1.0;1.0;2.0
403;11527;1;8.0;4.0;1.0;2.0;1.0;1.0;1.0;1.0;1.0;2.0;1.0;1.0;1.0;1.0;1.0;1.0;1.0;1.0;1.0;1.0;4.0
404;11529;0;2.0;5.0;0.0;1.0;1.0;1.0;1.0;1.0;1.0;1.0;1.0;1.0;1.0;1.0;1.0;1.0;1.0;1.0;1.0;1.0;1.0
405;11529;1;7.0;6.0;1.0;4.0;2.0;1.0;1.0;1.0;1.0;1.0;1.0;1.0;1.0;1.0;1.0;1.0;1.0;1.0;1.0;1.0;3.0
406;11569;0;2.0;6.0;1.0;2.0;0.0;1.0;1.0;1.0;1.0;1.0;1.0;1.0;1.0;3.0;1.0;1.0;1.0;2.0;1.0;1.0;1.0
407;11569;1;5.0;6.0;1.0;3.0;1.0;1.0;1.0;2.0;1.0;1.0;1.0;1.0;1.0;1.0;1.0;1.0;1.0;1.0;1.0;2.0;2.0
408;11583;1;8.0;5.0;1.0;2.0;1.0;1.0;1.0;1.0;1.0;1.0;1.0;2.0;1.0;1.0;1.0;1.0;1.0;1.0;1.0;1.0;4.0
409;11583;0;3.0;5.0;1.0;2.0;1.0;1.0;1.0;1.0;1.0;1.0;1.0;1.0;1.0;1.0;1.0;1.0;1.0;1.0;1.0;1.0;3.0
410;11614;1;6.0;5.0;1.0;2.0;1.0;1.0;1.0;1.0;1.0;1.0;1.0;1.0;1.0;1.0;1.0;1.0;1.0;1.0;1.0;1.0;3.0
411;11614;0;1.0;5.0;1.0;1.0;1.0;1.0;1.0;1.0;1.0;1.0;1.0;1.0;1.0;1.0;1.0;1.0;1.0;1.0;1.0;1.0;2.0
412;11617;0;3.0;5.0;1.0;1.0;0.0;1.0;2.0;1.0;1.0;1.0;1.0;1.0;1.0;1.0;1.0;1.0;0.0;1.0;1.0;1.0;2.0
413;11617;1;5.0;4.0;1.0;1.0;0.0;1.0;2.0;2.0;1.0;2.0;1.0;1.0;1.0;1.0;1.0;1.0;1.0;1.0;1.0;0.0;1.0
414;11902;1;7.0;4.0;1.0;1.0;1.0;1.0;1.0;1.0;1.0;2.0;1.0;1.0;1.0;2.0;1.0;1.0;2.0;1.0;1.0;1.0;2.0
415;11902;0;4.0;6.0;0.0;1.0;1.0;1.0;1.0;2.0;1.0;2.0;1.0;1.0;1.0;2.0;1.0;1.0;1.0;0.0;1.0;1.0;2.0
416;11980;1;9.0;4.0;1.0;2.0;1.0;1.0;1.0;1.0;1.0;2.0;1.0;3.0;2.0;1.0;1.0;2.0;1.0;1.0;1.0;1.0;5.0
417;11980;0;5.0;5.0;1.0;1.0;1.0;1.0;1.0;1.0;1.0;1.0;1.0;2.0;1.0;1.0;1.0;1.0;1.0;1.0;1.0;1.0;3.0
418;12097;0;2.0;5.0;1.0;1.0;1.0;1.0;1.0;1.0;1.0;2.0;1.0;1.0;1.0;2.0;1.0;1.0;1.0;1.0;1.0;1.0;1.0
419;12097;1;6.0;7.0;2.0;3.0;2.0;0.0;0.0;1.0;1.0;1.0;1.0;1.0;1.0;1.0;1.0;1.0;1.0;1.0;1.0;1.0;2.0
420;12178;1;8.0;4.0;1.0;1.0;1.0;1.0;1.0;1.0;1.0;1.0;1.0;2.0;1.0;1.0;1.0;2.0;1.0;1.0;1.0;1.0;6.0
421;12178;0;3.0;5.0;1.0;2.0;1.0;1.0;1.0;1.0;1.0;1.0;1.0;1.0;1.0;1.0;1.0;1.0;1.0;1.0;1.0;1.0;2.0
422;12180;0;5.0;3.0;1.0;1.0;1.0;1.0;1.0;1.0;1.0;3.0;1.0;1.0;1.0;2.0;1.0;1.0;2.0;1.0;1.0;1.0;1.0
423;12180;1;9.0;4.0;1.0;2.0;2.0;1.0;1.0;1.0;1.0;3.0;1.0;1.0;1.0;2.0;1.0;1.0;2.0;1.0;1.0;1.0;2.0
424;12206;1;7.0;5.0;1.0;3.0;2.0;1.0;1.0;1.0;1.0;2.0;1.0;1.0;1.0;2.0;1.0;1.0;2.0;1.0;1.0;1.0;2.0
425;12206;0;6.0;5.0;1.0;3.0;2.0;1.0;1.0;1.0;1.0;2.0;1.0;1.0;1.0;1.0;1.0;1.0;1.0;1.0;1.0;1.0;2.0
426;12297;0;5.0;5.0;1.0;2.0;1.0;1.0;1.0;1.0;1.0;1.0;1.0;1.0;1.0;1.0;1.0;1.0;1.0;1.0;1.0;1.0;2.0
427;12297;1;8.0;5.0;1.0;1.0;1.0;1.0;1.0;1.0;1.0;1.0;1.0;1.0;1.0;1.0;1.0;2.0;1.0;1.0;1.0;1.0;5.0
428;12327;0;4.0;6.0;1.0;3.0;2.0;1.0;1.0;1.0;1.0;2.0;1.0;1.0;2.0;1.0;1.0;1.0;1.0;1.0;1.0;2.0;1.0
429;12327;1;8.0;6.0;1.0;3.0;2.0;1.0;1.0;1.0;1.0;1.0;1.0;1.0;1.0;1.0;1.0;1.0;1.0;1.0;1.0;2.0;2.0
430;12348;0;5.0;6.0;1.0;4.0;2.0;1.0;1.0;1.0;1.0;1.0;1.0;1.0;1.0;1.0;1.0;1.0;1.0;1.0;1.0;2.0;1.0
431;12348;1;7.0;6.0;1.0;4.0;3.0;1.0;1.0;1.0;1.0;1.0;1.0;1.0;1.0;1.0;1.0;1.0;1.0;1.0;1.0;2.0;2.0
432;12506;0;2.0;5.0;1.0;1.0;1.0;1.0;1.0;1.0;1.0;1.0;1.0;1.0;1.0;1.0;1.0;1.0;1.0;1.0;1.0;1.0;1.0
433;12506;1;6.0;5.0;1.0;1.0;1.0;1.0;1.0;1.0;1.0;2.0;1.0;2.0;1.0;1.0;1.0;1.0;1.0;1.0;1.0;1.0;3.0
434;12580;1;7.0;4.0;1.0;1.0;1.0;1.0;1.0;2.0;1.0;1.0;1.0;2.0;1.0;1.0;1.0;1.0;1.0;1.0;1.0;1.0;3.0
435;12580;0;4.0;5.0;1.0;2.0;1.0;1.0;1.0;1.0;1.0;1.0;1.0;1.0;1.0;1.0;1.0;1.0;1.0;1.0;1.0;1.0;2.0
436;12587;0;3.0;5.0;1.0;1.0;1.0;1.0;1.0;1.0;1.0;2.0;1.0;1.0;1.0;1.0;1.0;1.0;1.0;1.0;1.0;1.0;1.0
437;12587;1;6.0;3.0;1.0;1.0;1.0;1.0;1.0;1.0;1.0;3.0;1.0;1.0;1.0;3.0;3.0;1.0;2.0;1.0;1.0;1.0;1.0
438;12741;1;5.0;6.0;1.0;2.0;1.0;1.0;1.0;1.0;1.0;1.0;1.0;1.0;1.0;1.0;1.0;1.0;1.0;1.0;1.0;2.0;2.0
439;12741;0;3.0;5.0;1.0;2.0;1.0;0.0;1.0;1.0;1.0;1.0;1.0;1.0;1.0;2.0;1.0;1.0;1.0;1.0;1.0;1.0;2.0
440;12748;0;6.0;4.0;1.0;1.0;1.0;1.0;1.0;1.0;1.0;1.0;1.0;1.0;1.0;2.0;1.0;1.0;1.0;1.0;1.0;1.0;2.0
441;12748;1;6.0;4.0;1.0;1.0;1.0;1.0;2.0;2.0;1.0;2.0;2.0;1.0;1.0;2.0;1.0;1.0;1.0;1.0;1.0;1.0;1.0
442;12810;1;7.0;8.0;1.0;5.0;3.0;1.0;1.0;1.0;1.0;1.0;1.0;1.0;1.0;1.0;1.0;1.0;1.0;1.0;1.0;1.0;1.0
443;12810;0;6.0;8.0;1.0;4.0;2.0;1.0;1.0;1.0;1.0;1.0;1.0;1.0;1.0;1.0;1.0;1.0;1.0;1.0;1.0;2.0;2.0
444;12813;1;6.0;7.0;1.0;3.0;2.0;1.0;1.0;1.0;1.0;1.0;1.0;1.0;1.0;1.0;1.0;1.0;1.0;1.0;1.0;2.0;1.0
445;12813;0;4.0;7.0;1.0;3.0;2.0;0.0;1.0;1.0;1.0;1.0;1.0;1.0;1.0;1.0;0.0;1.0;1.0;1.0;1.0;1.0;1.0
446;13187;0;3.0;5.0;1.0;1.0;1.0;0.0;1.0;1.0;1.0;1.0;1.0;1.0;1.0;1.0;1.0;1.0;1.0;1.0;1.0;1.0;2.0
447;13187;1;6.0;7.0;1.0;4.0;2.0;1.0;1.0;1.0;1.0;1.0;1.0;1.0;1.0;1.0;1.0;1.0;1.0;1.0;1.0;2.0;2.0
448;13204;0;2.0;5.0;1.0;1.0;1.0;0.0;1.0;1.0;1.0;2.0;1.0;1.0;1.0;2.0;1.0;1.0;1.0;1.0;1.0;1.0;1.0
449;13204;1;5.0;5.0;1.0;1.0;1.0;1.0;1.0;1.0;1.0;1.0;1.0;1.0;2.0;1.0;1.0;1.0;1.0;1.0;1.0;1.0;2.0
450;13216;0;3.0;6.0;1.0;1.0;1.0;1.0;1.0;1.0;1.0;1.0;1.0;1.0;1.0;2.0;1.0;1.0;1.0;1.0;1.0;1.0;1.0
451;13216;1;6.0;5.0;1.0;2.0;1.0;1.0;1.0;1.0;1.0;1.0;1.0;1.0;1.0;2.0;1.0;1.0;1.0;1.0;1.0;2.0;2.0
452;13436;0;6.0;3.0;1.0;1.0;1.0;1.0;2.0;2.0;1.0;2.0;1.0;1.0;1.0;2.0;1.0;2.0;1.0;1.0;1.0;1.0;2.0
453;13436;1;7.0;3.0;1.0;1.0;1.0;1.0;1.0;1.0;1.0;1.0;2.0;1.0;1.0;2.0;1.0;1.0;2.0;1.0;1.0;1.0;2.0
454;13561;0;1.0;6.0;1.0;1.0;1.0;1.0;0.0;1.0;1.0;2.0;1.0;1.0;1.0;1.0;1.0;0.0;1.0;1.0;0.0;1.0;1.0
455;13561;1;5.0;6.0;1.0;2.0;2.0;1.0;1.0;1.0;1.0;1.0;1.0;1.0;1.0;1.0;1.0;1.0;1.0;1.0;1.0;1.0;2.0
456;14104;0;3.0;5.0;1.0;1.0;1.0;0.0;1.0;2.0;0.0;1.0;1.0;1.0;2.0;1.0;1.0;1.0;1.0;1.0;0.0;1.0;1.0
457;14104;1;5.0;5.0;1.0;1.0;0.0;0.0;1.0;2.0;1.0;1.0;1.0;2.0;1.0;1.0;1.0;1.0;1.0;1.0;1.0;1.0;3.0
458;14228;1;3.0;6.0;0.0;2.0;1.0;0.0;1.0;1.0;1.0;1.0;1.0;1.0;1.0;1.0;1.0;0.0;0.0;1.0;1.0;2.0;1.0
459;14228;0;2.0;5.0;1.0;1.0;1.0;1.0;1.0;1.0;1.0;1.0;1.0;1.0;1.0;1.0;2.0;1.0;1.0;1.0;1.0;1.0;2.0
460;14257;1;6.0;4.0;1.0;1.0;1.0;0.0;1.0;1.0;1.0;1.0;1.0;1.0;1.0;1.0;1.0;1.0;1.0;1.0;1.0;1.0;3.0
461;14257;0;3.0;6.0;1.0;1.0;0.0;0.0;1.0;1.0;1.0;1.0;1.0;1.0;1.0;1.0;1.0;0.0;0.0;1.0;1.0;1.0;1.0
462;14286;0;8.0;6.0;2.0;1.0;1.0;1.0;1.0;2.0;1.0;1.0;2.0;1.0;2.0;2.0;1.0;1.0;1.0;1.0;1.0;1.0;1.0
463;14286;1;9.0;5.0;2.0;1.0;1.0;1.0;1.0;2.0;1.0;1.0;1.0;1.0;2.0;1.0;1.0;1.0;1.0;1.0;1.0;1.0;1.0
464;14296;0;3.0;6.0;1.0;1.0;1.0;1.0;1.0;1.0;1.0;1.0;1.0;1.0;1.0;1.0;1.0;1.0;0.0;1.0;0.0;1.0;2.0
465;14296;1;8.0;3.0;1.0;1.0;1.0;1.0;1.0;1.0;1.0;2.0;1.0;2.0;1.0;2.0;1.0;2.0;1.0;1.0;1.0;1.0;3.0
466;14328;0;4.0;6.0;1.0;2.0;1.0;1.0;1.0;1.0;1.0;1.0;1.0;1.0;1.0;2.0;1.0;1.0;1.0;1.0;1.0;2.0;2.0
467;14328;1;7.0;5.0;1.0;1.0;1.0;1.0;1.0;1.0;1.0;1.0;1.0;1.0;1.0;2.0;1.0;1.0;1.0;1.0;1.0;1.0;2.0
468;14491;1;8.0;3.0;1.0;1.0;1.0;1.0;1.0;1.0;1.0;1.0;3.0;1.0;1.0;1.0;1.0;1.0;2.0;1.0;1.0;1.0;1.0
469;14491;0;4.0;4.0;1.0;1.0;1.0;1.0;1.0;2.0;1.0;1.0;1.0;1.0;1.0;1.0;1.0;1.0;0.0;1.0;1.0;1.0;1.0
470;14514;0;3.0;5.0;1.0;1.0;1.0;1.0;1.0;1.0;1.0;1.0;1.0;1.0;1.0;2.0;1.0;1.0;1.0;1.0;1.0;1.0;1.0
471;14514;1;8.0;4.0;1.0;1.0;1.0;1.0;1.0;1.0;1.0;2.0;1.0;2.0;1.0;2.0;1.0;1.0;1.0;1.0;1.0;1.0;4.0
472;14525;0;1.0;5.0;1.0;1.0;1.0;0.0;1.0;1.0;1.0;1.0;1.0;1.0;1.0;1.0;1.0;1.0;1.0;0.0;0.0;1.0;1.0
473;14525;1;7.0;5.0;1.0;2.0;1.0;1.0;1.0;1.0;2.0;1.0;1.0;1.0;2.0;1.0;1.0;1.0;1.0;1.0;1.0;1.0;4.0
474;15037;0;4.0;5.0;0.0;2.0;1.0;1.0;1.0;1.0;1.0;1.0;1.0;1.0;1.0;1.0;1.0;1.0;1.0;1.0;1.0;1.0;2.0
475;15037;1;8.0;3.0;1.0;1.0;1.0;1.0;1.0;1.0;1.0;1.0;1.0;1.0;1.0;2.0;1.0;2.0;1.0;1.0;2.0;1.0;2.0
476;15380;0;4.0;5.0;1.0;2.0;1.0;1.0;1.0;1.0;1.0;1.0;1.0;1.0;1.0;1.0;1.0;1.0;1.0;1.0;1.0;1.0;2.0
477;15380;1;8.0;3.0;1.0;1.0;1.0;1.0;3.0;1.0;1.0;3.0;1.0;2.0;1.0;2.0;2.0;2.0;2.0;1.0;1.0;1.0;2.0
478;15510;1;10.0;2.0;1.0;1.0;1.0;1.0;4.0;2.0;1.0;2.0;1.0;1.0;1.0;2.0;1.0;1.0;2.0;1.0;1.0;1.0;2.0
479;15510;0;8.0;3.0;1.0;1.0;1.0;2.0;4.0;2.0;1.0;2.0;1.0;1.0;1.0;2.0;1.0;2.0;2.0;1.0;1.0;1.0;2.0
480;15606;1;6.0;6.0;1.0;4.0;2.0;1.0;1.0;1.0;1.0;1.0;1.0;1.0;1.0;1.0;1.0;1.0;1.0;1.0;1.0;1.0;1.0
481;15606;0;4.0;6.0;1.0;3.0;2.0;0.0;1.0;1.0;1.0;1.0;1.0;1.0;1.0;1.0;1.0;0.0;1.0;1.0;1.0;2.0;2.0
482;15717;0;3.0;5.0;0.0;2.0;1.0;0.0;1.0;1.0;0.0;3.0;2.0;1.0;1.0;2.0;1.0;0.0;0.0;1.0;1.0;1.0;1.0
483;15717;1;4.0;4.0;1.0;1.0;1.0;1.0;1.0;1.0;0.0;2.0;1.0;1.0;2.0;1.0;1.0;2.0;1.0;1.0;1.0;1.0;2.0
484;16255;0;3.0;6.0;1.0;3.0;1.0;1.0;1.0;1.0;1.0;1.0;1.0;1.0;1.0;1.0;1.0;1.0;1.0;1.0;1.0;1.0;2.0
485;16255;1;7.0;6.0;1.0;2.0;1.0;1.0;1.0;1.0;1.0;1.0;1.0;1.0;1.0;1.0;1.0;1.0;1.0;1.0;1.0;2.0;2.0
486;16324;1;9.0;3.0;1.0;2.0;1.0;1.0;1.0;1.0;1.0;3.0;1.0;1.0;1.0;3.0;2.0;1.0;2.0;1.0;1.0;1.0;2.0
487;16324;0;6.0;4.0;1.0;1.0;1.0;1.0;1.0;1.0;1.0;2.0;1.0;1.0;1.0;2.0;1.0;1.0;2.0;1.0;1.0;1.0;1.0
488;16741;0;4.0;4.0;1.0;1.0;1.0;1.0;1.0;1.0;1.0;1.0;1.0;1.0;1.0;1.0;1.0;1.0;1.0;1.0;1.0;1.0;2.0
489;16741;1;8.0;3.0;1.0;1.0;1.0;1.0;1.0;1.0;1.0;1.0;3.0;1.0;1.0;2.0;1.0;1.0;2.0;1.0;1.0;1.0;1.0
490;17121;0;3.0;5.0;0.0;2.0;1.0;1.0;1.0;1.0;1.0;1.0;1.0;1.0;1.0;2.0;1.0;0.0;1.0;1.0;1.0;1.0;1.0
491;17121;1;6.0;4.0;1.0;1.0;1.0;1.0;1.0;1.0;1.0;1.0;1.0;1.0;1.0;1.0;1.0;1.0;1.0;1.0;1.0;1.0;1.0
492;17525;0;2.0;5.0;0.0;1.0;1.0;1.0;1.0;1.0;1.0;1.0;1.0;1.0;1.0;1.0;1.0;1.0;1.0;1.0;1.0;1.0;1.0
493;17525;1;5.0;4.0;1.0;1.0;1.0;1.0;1.0;1.0;1.0;2.0;1.0;1.0;1.0;2.0;2.0;1.0;2.0;1.0;1.0;1.0;2.0
494;17617;0;4.0;6.0;1.0;2.0;1.0;0.0;1.0;1.0;1.0;1.0;1.0;1.0;1.0;2.0;1.0;1.0;0.0;1.0;1.0;1.0;2.0
495;17617;1;6.0;6.0;2.0;3.0;2.0;1.0;1.0;2.0;1.0;1.0;1.0;1.0;1.0;1.0;1.0;1.0;1.0;1.0;1.0;1.0;1.0
496;18554;1;6.0;4.0;1.0;1.0;0.0;0.0;1.0;1.0;1.0;1.0;1.0;2.0;1.0;1.0;1.0;1.0;1.0;1.0;1.0;1.0;4.0
497;18554;0;4.0;5.0;1.0;1.0;1.0;1.0;1.0;1.0;1.0;2.0;1.0;1.0;1.0;3.0;1.0;1.0;1.0;2.0;1.0;1.0;2.0
498;18635;1;9.0;3.0;1.0;1.0;1.0;2.0;1.0;1.0;1.0;3.0;1.0;1.0;2.0;2.0;1.0;1.0;2.0;1.0;1.0;1.0;2.0
499;18635;0;8.0;4.0;1.0;1.0;1.0;1.0;1.0;2.0;1.0;2.0;1.0;1.0;2.0;2.0;2.0;1.0;1.0;1.0;1.0;1.0;1.0
500;18827;0;4.0;5.0;1.0;1.0;1.0;1.0;1.0;1.0;1.0;1.0;1.0;1.0;1.0;2.0;1.0;1.0;1.0;1.0;1.0;1.0;1.0
501;18827;1;7.0;5.0;1.0;1.0;1.0;1.0;1.0;1.0;2.0;1.0;1.0;1.0;1.0;2.0;1.0;1.0;1.0;1.0;1.0;1.0;2.0
502;19310;0;7.0;3.0;1.0;1.0;1.0;2.0;3.0;2.0;1.0;2.0;1.0;1.0;1.0;1.0;1.0;1.0;2.0;1.0;1.0;1.0;1.0
503;19310;1;8.0;3.0;1.0;1.0;0.0;1.0;3.0;2.0;1.0;2.0;1.0;1.0;1.0;2.0;1.0;1.0;2.0;1.0;1.0;1.0;1.0
504;21057;0;6.0;4.0;1.0;1.0;1.0;1.0;1.0;1.0;1.0;1.0;1.0;1.0;1.0;1.0;1.0;1.0;1.0;1.0;1.0;1.0;3.0
505;21057;1;9.0;3.0;1.0;1.0;1.0;1.0;1.0;1.0;1.0;2.0;2.0;1.0;1.0;1.0;1.0;1.0;1.0;1.0;1.0;1.0;4.0
506;21648;0;5.0;6.0;1.0;3.0;2.0;1.0;1.0;1.0;1.0;1.0;1.0;1.0;1.0;1.0;1.0;1.0;1.0;1.0;1.0;1.0;2.0
507;21648;1;6.0;5.0;1.0;2.0;1.0;1.0;1.0;2.0;1.0;1.0;1.0;1.0;1.0;1.0;1.0;1.0;1.0;1.0;1.0;1.0;2.0
508;22310;1;5.0;5.0;0.0;2.0;1.0;1.0;1.0;1.0;2.0;1.0;1.0;2.0;1.0;1.0;1.0;1.0;1.0;1.0;1.0;1.0;3.0
509;22310;0;2.0;5.0;1.0;1.0;1.0;0.0;1.0;0.0;1.0;1.0;1.0;1.0;1.0;1.0;1.0;0.0;1.0;1.0;1.0;1.0;1.0
510;22386;1;5.0;4.0;1.0;1.0;1.0;1.0;1.0;1.0;1.0;1.0;1.0;1.0;1.0;2.0;1.0;1.0;1.0;1.0;1.0;1.0;3.0
511;22386;0;3.0;5.0;1.0;1.0;1.0;1.0;1.0;1.0;1.0;1.0;1.0;1.0;1.0;2.0;1.0;1.0;1.0;1.0;1.0;1.0;1.0
512;22873;0;4.0;5.0;1.0;2.0;1.0;1.0;1.0;1.0;1.0;1.0;1.0;1.0;1.0;1.0;1.0;1.0;1.0;1.0;1.0;1.0;2.0
513;22873;1;7.0;5.0;1.0;2.0;1.0;1.0;1.0;1.0;1.0;1.0;1.0;1.0;1.0;1.0;1.0;1.0;1.0;1.0;1.0;1.0;2.0
514;23235;0;5.0;4.0;1.0;1.0;1.0;1.0;1.0;1.0;1.0;1.0;2.0;1.0;1.0;1.0;1.0;1.0;1.0;2.0;1.0;1.0;2.0
515;23235;1;7.0;4.0;1.0;1.0;1.0;1.0;1.0;1.0;1.0;1.0;1.0;1.0;1.0;1.0;1.0;1.0;1.0;1.0;1.0;1.0;3.0
516;23642;1;9.0;2.0;1.0;1.0;1.0;2.0;1.0;1.0;1.0;2.0;3.0;1.0;1.0;3.0;1.0;2.0;2.0;1.0;1.0;1.0;2.0
517;23642;0;3.0;6.0;1.0;1.0;1.0;1.0;1.0;1.0;2.0;1.0;1.0;1.0;1.0;2.0;1.0;1.0;1.0;1.0;1.0;1.0;1.0
518;24020;1;8.0;8.0;1.0;6.0;5.0;1.0;1.0;1.0;1.0;1.0;1.0;1.0;1.0;1.0;1.0;1.0;1.0;1.0;1.0;2.0;1.0
519;24020;0;6.0;8.0;1.0;6.0;4.0;1.0;1.0;1.0;1.0;1.0;1.0;1.0;1.0;1.0;1.0;1.0;1.0;1.0;1.0;2.0;1.0
520;24116;0;2.0;6.0;1.0;1.0;1.0;0.0;0.0;1.0;2.0;1.0;0.0;1.0;1.0;1.0;1.0;1.0;1.0;1.0;1.0;1.0;2.0
521;24116;1;6.0;6.0;1.0;2.0;2.0;1.0;1.0;1.0;1.0;1.0;1.0;1.0;1.0;1.0;1.0;1.0;1.0;1.0;1.0;2.0;2.0
522;24197;1;3.0;4.0;1.0;1.0;1.0;1.0;1.0;1.0;1.0;2.0;1.0;1.0;1.0;2.0;2.0;1.0;1.0;1.0;1.0;1.0;2.0
523;24197;0;2.0;6.0;1.0;1.0;1.0;1.0;1.0;1.0;2.0;2.0;1.0;1.0;1.0;1.0;1.0;1.0;1.0;1.0;1.0;1.0;2.0
524;24473;0;5.0;5.0;1.0;2.0;1.0;1.0;1.0;1.0;1.0;1.0;1.0;1.0;1.0;1.0;1.0;1.0;1.0;1.0;1.0;1.0;2.0
525;24473;1;9.0;4.0;1.0;2.0;1.0;1.0;1.0;1.0;2.0;1.0;1.0;2.0;1.0;1.0;1.0;2.0;1.0;1.0;1.0;1.0;4.0
526;24513;1;8.0;5.0;1.0;3.0;3.0;1.0;1.0;1.0;1.0;2.0;1.0;1.0;1.0;1.0;1.0;1.0;1.0;1.0;1.0;2.0;3.0
527;24513;0;3.0;6.0;1.0;1.0;1.0;0.0;1.0;1.0;1.0;1.0;1.0;1.0;1.0;1.0;1.0;0.0;1.0;1.0;2.0;1.0;1.0
528;24834;0;4.0;7.0;1.0;3.0;1.0;0.0;1.0;2.0;1.0;1.0;1.0;1.0;1.0;1.0;1.0;1.0;1.0;1.0;1.0;3.0;1.0
529;24834;1;7.0;7.0;1.0;5.0;2.0;1.0;1.0;1.0;1.0;1.0;1.0;1.0;2.0;1.0;1.0;1.0;1.0;1.0;1.0;2.0;1.0
530;26331;0;4.0;5.0;1.0;1.0;1.0;1.0;1.0;1.0;2.0;1.0;1.0;1.0;1.0;1.0;1.0;1.0;1.0;1.0;1.0;1.0;2.0
531;26331;1;9.0;4.0;2.0;1.0;1.0;1.0;1.0;1.0;1.0;2.0;2.0;1.0;1.0;2.0;1.0;1.0;1.0;1.0;1.0;1.0;2.0
532;27457;0;7.0;5.0;2.0;1.0;1.0;1.0;1.0;1.0;1.0;1.0;2.0;1.0;1.0;2.0;1.0;1.0;1.0;1.0;1.0;1.0;1.0
533;27457;1;9.0;4.0;2.0;2.0;1.0;1.0;1.0;1.0;1.0;2.0;2.0;1.0;1.0;2.0;1.0;1.0;2.0;2.0;1.0;1.0;2.0
534;27458;1;8.0;4.0;1.0;1.0;1.0;1.0;1.0;1.0;1.0;1.0;1.0;1.0;1.0;1.0;1.0;1.0;2.0;2.0;2.0;1.0;2.0
535;27458;0;3.0;4.0;1.0;1.0;0.0;0.0;1.0;1.0;1.0;1.0;1.0;1.0;1.0;2.0;1.0;1.0;2.0;1.0;1.0;1.0;2.0
536;31209;0;6.0;4.0;1.0;1.0;1.0;1.0;1.0;1.0;1.0;2.0;1.0;1.0;1.0;2.0;2.0;1.0;1.0;1.0;1.0;1.0;2.0
537;31209;1;7.0;5.0;1.0;1.0;1.0;1.0;1.0;1.0;1.0;1.0;1.0;1.0;1.0;2.0;1.0;1.0;1.0;1.0;1.0;1.0;2.0
538;31210;1;6.0;5.0;1.0;2.0;1.0;1.0;1.0;1.0;1.0;1.0;1.0;1.0;1.0;2.0;1.0;2.0;1.0;1.0;1.0;2.0;1.0
539;31210;0;3.0;5.0;1.0;2.0;0.0;1.0;1.0;1.0;1.0;1.0;1.0;1.0;1.0;2.0;1.0;1.0;1.0;1.0;1.0;2.0;1.0
540;31225;1;6.0;6.0;1.0;2.0;1.0;0.0;1.0;1.0;1.0;1.0;1.0;1.0;1.0;1.0;1.0;1.0;1.0;1.0;1.0;3.0;2.0
541;31225;0;3.0;6.0;1.0;1.0;1.0;1.0;1.0;1.0;1.0;1.0;1.0;1.0;1.0;2.0;1.0;1.0;1.0;1.0;1.0;2.0;1.0
542;31234;0;4.0;5.0;1.0;2.0;1.0;0.0;1.0;1.0;1.0;1.0;1.0;1.0;1.0;1.0;1.0;1.0;1.0;1.0;1.0;1.0;1.0
543;31234;1;7.0;5.0;1.0;3.0;1.0;0.0;1.0;1.0;1.0;1.0;1.0;1.0;1.0;1.0;1.0;1.0;1.0;1.0;1.0;2.0;1.0
544;31244;1;8.0;7.0;1.0;3.0;1.0;0.0;0.0;1.0;1.0;1.0;1.0;1.0;1.0;1.0;1.0;1.0;1.0;1.0;1.0;1.0;2.0
545;31244;0;5.0;7.0;1.0;3.0;1.0;0.0;1.0;1.0;1.0;1.0;1.0;1.0;1.0;1.0;1.0;1.0;1.0;1.0;1.0;2.0;1.0
546;31246;0;4.0;6.0;1.0;2.0;1.0;1.0;1.0;1.0;1.0;1.0;1.0;2.0;1.0;1.0;1.0;1.0;1.0;1.0;1.0;1.0;4.0
547;31246;1;8.0;6.0;1.0;3.0;1.0;1.0;1.0;1.0;1.0;1.0;1.0;2.0;1.0;1.0;1.0;1.0;1.0;1.0;1.0;1.0;4.0
548;31249;1;8.0;7.0;1.0;4.0;3.0;1.0;1.0;1.0;1.0;1.0;1.0;1.0;1.0;1.0;1.0;1.0;1.0;1.0;1.0;2.0;2.0
549;31249;0;5.0;7.0;1.0;3.0;1.0;1.0;1.0;1.0;2.0;1.0;1.0;1.0;1.0;1.0;1.0;1.0;1.0;1.0;1.0;2.0;2.0
550;31252;1;6.0;4.0;1.0;1.0;1.0;1.0;1.0;1.0;1.0;1.0;1.0;1.0;1.0;1.0;1.0;1.0;1.0;1.0;1.0;1.0;3.0
551;31252;0;4.0;5.0;1.0;2.0;1.0;0.0;1.0;1.0;1.0;1.0;1.0;1.0;1.0;2.0;1.0;1.0;1.0;2.0;2.0;1.0;1.0
552;31260;1;7.0;6.0;2.0;4.0;2.0;1.0;1.0;1.0;1.0;2.0;1.0;1.0;1.0;1.0;1.0;1.0;1.0;1.0;1.0;1.0;2.0
553;31260;0;3.0;5.0;1.0;1.0;1.0;0.0;1.0;1.0;1.0;2.0;1.0;1.0;1.0;2.0;1.0;1.0;0.0;1.0;1.0;2.0;1.0
554;31265;0;6.0;8.0;2.0;5.0;3.0;1.0;1.0;1.0;1.0;1.0;1.0;1.0;1.0;1.0;1.0;1.0;1.0;1.0;1.0;2.0;1.0
555;31265;1;8.0;8.0;2.0;6.0;4.0;1.0;1.0;1.0;1.0;1.0;1.0;1.0;1.0;1.0;1.0;1.0;1.0;1.0;1.0;1.0;1.0
556;31266;0;3.0;5.0;1.0;1.0;1.0;1.0;1.0;1.0;1.0;1.0;1.0;1.0;1.0;2.0;1.0;1.0;1.0;1.0;1.0;1.0;1.0
557;31266;1;6.0;8.0;1.0;5.0;4.0;1.0;1.0;1.0;1.0;1.0;1.0;1.0;1.0;1.0;1.0;1.0;1.0;1.0;1.0;2.0;1.0
558;31268;0;3.0;4.0;1.0;1.0;1.0;1.0;1.0;1.0;1.0;2.0;1.0;1.0;1.0;2.0;2.0;1.0;1.0;1.0;1.0;1.0;1.0
559;31268;1;3.0;5.0;0.0;1.0;1.0;1.0;1.0;1.0;1.0;1.0;1.0;1.0;1.0;1.0;1.0;1.0;1.0;1.0;1.0;1.0;2.0
560;31272;1;8.0;6.0;1.0;3.0;1.0;1.0;1.0;1.0;1.0;1.0;1.0;2.0;1.0;1.0;1.0;1.0;1.0;1.0;1.0;1.0;4.0
561;31272;0;4.0;7.0;1.0;3.0;1.0;1.0;1.0;1.0;1.0;1.0;1.0;1.0;1.0;1.0;1.0;1.0;1.0;1.0;1.0;2.0;2.0
562;31404;0;2.0;6.0;1.0;1.0;1.0;1.0;1.0;1.0;1.0;1.0;1.0;1.0;1.0;1.0;0.0;1.0;1.0;1.0;1.0;1.0;1.0
563;31404;1;4.0;6.0;1.0;1.0;1.0;1.0;1.0;1.0;1.0;1.0;1.0;1.0;2.0;1.0;1.0;1.0;1.0;1.0;1.0;1.0;3.0
564;32594;0;8.0;5.0;1.0;1.0;1.0;1.0;1.0;2.0;1.0;1.0;1.0;1.0;1.0;1.0;1.0;1.0;1.0;1.0;2.0;1.0;1.0
565;32594;1;9.0;4.0;1.0;1.0;1.0;1.0;1.0;2.0;1.0;1.0;2.0;1.0;1.0;1.0;1.0;1.0;1.0;1.0;2.0;1.0;2.0
566;33032;1;6.0;4.0;1.0;1.0;1.0;1.0;1.0;1.0;1.0;1.0;1.0;2.0;1.0;1.0;1.0;2.0;1.0;1.0;1.0;1.0;3.0
567;33032;0;4.0;5.0;2.0;1.0;0.0;1.0;1.0;1.0;1.0;2.0;1.0;1.0;1.0;2.0;1.0;1.0;1.0;1.0;1.0;1.0;1.0
568;36822;0;4.0;5.0;1.0;1.0;1.0;1.0;1.0;1.0;1.0;1.0;1.0;1.0;1.0;3.0;1.0;1.0;1.0;1.0;1.0;1.0;1.0
569;36822;1;8.0;6.0;2.0;2.0;1.0;1.0;1.0;1.0;1.0;1.0;2.0;1.0;2.0;2.0;1.0;1.0;1.0;1.0;1.0;1.0;1.0
570;60999;0;4.0;5.0;1.0;2.0;0.0;0.0;1.0;1.0;1.0;1.0;1.0;1.0;1.0;1.0;1.0;1.0;1.0;1.0;1.0;1.0;1.0
571;60999;1;6.0;4.0;1.0;2.0;1.0;1.0;1.0;1.0;1.0;2.0;1.0;1.0;2.0;2.0;2.0;2.0;1.0;1.0;1.0;2.0;1.0
572;61005;0;4.0;6.0;1.0;2.0;1.0;1.0;1.0;1.0;1.0;1.0;1.0;1.0;1.0;1.0;1.0;1.0;1.0;1.0;1.0;2.0;2.0
573;61005;1;6.0;5.0;0.0;1.0;1.0;0.0;1.0;1.0;1.0;1.0;1.0;1.0;1.0;1.0;1.0;1.0;1.0;1.0;1.0;2.0;3.0
574;61024;0;2.0;6.0;1.0;1.0;1.0;1.0;1.0;1.0;1.0;1.0;1.0;1.0;1.0;1.0;1.0;1.0;1.0;1.0;1.0;2.0;2.0
575;61024;1;3.0;6.0;1.0;2.0;1.0;1.0;1.0;1.0;1.0;1.0;1.0;1.0;1.0;1.0;1.0;1.0;1.0;1.0;1.0;2.0;1.0
576;61027;1;6.0;4.0;1.0;1.0;1.0;1.0;1.0;1.0;1.0;1.0;2.0;1.0;2.0;2.0;1.0;1.0;1.0;1.0;1.0;1.0;2.0
577;61027;0;3.0;5.0;0.0;1.0;0.0;1.0;1.0;1.0;2.0;1.0;2.0;1.0;1.0;1.0;1.0;1.0;1.0;1.0;1.0;2.0;2.0
578;61048;1;8.0;5.0;1.0;3.0;2.0;1.0;1.0;1.0;1.0;1.0;1.0;1.0;1.0;1.0;1.0;1.0;1.0;1.0;1.0;1.0;3.0
579;61048;0;4.0;5.0;0.0;2.0;1.0;0.0;1.0;1.0;1.0;1.0;1.0;1.0;1.0;1.0;1.0;1.0;1.0;1.0;1.0;1.0;2.0
580;61052;1;7.0;4.0;1.0;1.0;1.0;1.0;1.0;1.0;1.0;2.0;1.0;1.0;1.0;2.0;1.0;2.0;1.0;1.0;1.0;1.0;2.0
581;61052;0;3.0;6.0;1.0;3.0;1.0;0.0;1.0;1.0;0.0;1.0;1.0;1.0;2.0;2.0;1.0;1.0;1.0;1.0;1.0;1.0;1.0
582;61130;0;4.0;6.0;1.0;2.0;1.0;1.0;1.0;1.0;1.0;1.0;1.0;1.0;1.0;1.0;1.0;1.0;1.0;1.0;1.0;2.0;1.0
583;61130;1;7.0;4.0;1.0;1.0;1.0;1.0;1.0;2.0;1.0;1.0;1.0;1.0;1.0;2.0;1.0;1.0;1.0;1.0;1.0;1.0;3.0
584;61138;0;7.0;2.0;1.0;1.0;1.0;1.0;1.0;1.0;1.0;4.0;1.0;1.0;1.0;3.0;3.0;1.0;3.0;1.0;1.0;1.0;1.0
585;61138;1;9.0;2.0;1.0;1.0;1.0;1.0;1.0;1.0;1.0;4.0;1.0;1.0;1.0;3.0;3.0;2.0;3.0;1.0;1.0;1.0;2.0
586;61151;0;3.0;5.0;1.0;2.0;1.0;1.0;1.0;1.0;1.0;2.0;1.0;1.0;1.0;1.0;1.0;1.0;1.0;1.0;1.0;1.0;2.0
587;61151;1;5.0;5.0;1.0;2.0;1.0;1.0;0.0;1.0;1.0;1.0;1.0;2.0;1.0;1.0;1.0;1.0;1.0;1.0;1.0;1.0;3.0
588;61155;0;6.0;5.0;1.0;2.0;1.0;1.0;1.0;1.0;1.0;1.0;1.0;1.0;1.0;1.0;1.0;1.0;1.0;1.0;1.0;1.0;1.0
589;61155;1;8.0;4.0;1.0;2.0;1.0;1.0;1.0;1.0;1.0;1.0;2.0;1.0;1.0;1.0;1.0;1.0;1.0;1.0;1.0;1.0;3.0
590;61177;1;7.0;6.0;1.0;2.0;1.0;1.0;1.0;1.0;1.0;1.0;1.0;2.0;1.0;1.0;1.0;2.0;1.0;1.0;1.0;1.0;3.0
591;61177;0;4.0;5.0;1.0;2.0;1.0;0.0;1.0;1.0;1.0;1.0;1.0;1.0;1.0;1.0;1.0;1.0;1.0;1.0;1.0;1.0;2.0
592;61185;1;4.0;5.0;1.0;2.0;1.0;0.0;1.0;1.0;1.0;1.0;0.0;1.0;1.0;1.0;1.0;1.0;1.0;1.0;1.0;1.0;2.0
593;61185;0;3.0;6.0;1.0;1.0;1.0;1.0;1.0;1.0;1.0;1.0;1.0;1.0;1.0;1.0;1.0;1.0;1.0;1.0;1.0;2.0;1.0
594;61192;1;7.0;4.0;1.0;1.0;1.0;1.0;2.0;1.0;1.0;1.0;1.0;1.0;1.0;1.0;1.0;1.0;1.0;1.0;1.0;1.0;1.0
595;61192;0;4.0;5.0;1.0;1.0;1.0;1.0;1.0;1.0;1.0;1.0;1.0;1.0;1.0;2.0;1.0;1.0;1.0;1.0;1.0;0.0;1.0
596;61199;0;5.0;7.0;2.0;4.0;1.0;1.0;1.0;3.0;1.0;1.0;1.0;1.0;1.0;1.0;1.0;1.0;1.0;1.0;1.0;1.0;1.0
597;61199;1;5.0;6.0;2.0;3.0;1.0;1.0;1.0;1.0;1.0;1.0;1.0;1.0;2.0;1.0;1.0;1.0;1.0;1.0;1.0;1.0;2.0
598;61204;0;4.0;6.0;1.0;2.0;1.0;1.0;1.0;1.0;1.0;1.0;1.0;1.0;1.0;1.0;1.0;1.0;1.0;1.0;1.0;1.0;2.0
599;61204;1;7.0;7.0;1.0;4.0;2.0;1.0;1.0;1.0;1.0;1.0;1.0;1.0;1.0;1.0;1.0;1.0;1.0;1.0;1.0;2.0;2.0
600;61209;0;8.0;5.0;1.0;2.0;1.0;1.0;1.0;1.0;1.0;2.0;2.0;1.0;1.0;2.0;1.0;1.0;1.0;1.0;1.0;1.0;1.0
601;61209;1;9.0;4.0;2.0;2.0;1.0;1.0;1.0;1.0;1.0;1.0;5.0;1.0;2.0;1.0;1.0;1.0;1.0;1.0;1.0;1.0;2.0
602;61229;1;7.0;8.0;4.0;6.0;1.0;1.0;1.0;1.0;1.0;1.0;1.0;1.0;2.0;1.0;1.0;1.0;1.0;1.0;1.0;1.0;1.0
603;61229;0;6.0;8.0;4.0;5.0;1.0;1.0;1.0;1.0;1.0;1.0;1.0;1.0;3.0;1.0;1.0;1.0;1.0;1.0;1.0;1.0;1.0
604;61252;1;9.0;3.0;1.0;1.0;1.0;2.0;4.0;2.0;1.0;2.0;2.0;1.0;1.0;2.0;1.0;1.0;2.0;1.0;1.0;1.0;2.0
605;61252;0;4.0;4.0;1.0;1.0;1.0;1.0;2.0;1.0;1.0;2.0;1.0;1.0;1.0;2.0;1.0;1.0;1.0;1.0;1.0;1.0;2.0
606;61293;1;6.0;5.0;1.0;2.0;2.0;1.0;1.0;1.0;1.0;1.0;1.0;1.0;1.0;1.0;2.0;1.0;1.0;1.0;1.0;2.0;2.0
607;61293;0;3.0;6.0;1.0;1.0;1.0;1.0;1.0;1.0;1.0;1.0;1.0;1.0;2.0;1.0;1.0;1.0;1.0;1.0;2.0;2.0;1.0
608;61325;1;8.0;3.0;1.0;1.0;1.0;1.0;1.0;1.0;1.0;3.0;1.0;1.0;1.0;2.0;1.0;1.0;1.0;1.0;1.0;1.0;3.0
609;61325;0;6.0;3.0;1.0;1.0;1.0;1.0;1.0;1.0;1.0;2.0;2.0;1.0;1.0;1.0;1.0;1.0;2.0;1.0;1.0;1.0;2.0
610;61331;1;8.0;5.0;1.0;2.0;1.0;1.0;1.0;1.0;1.0;1.0;1.0;1.0;1.0;2.0;1.0;2.0;1.0;1.0;1.0;2.0;3.0
611;61331;0;7.0;4.0;1.0;2.0;1.0;1.0;1.0;1.0;1.0;2.0;1.0;1.0;1.0;2.0;1.0;1.0;1.0;1.0;1.0;1.0;3.0
612;61337;0;3.0;5.0;1.0;1.0;0.0;1.0;1.0;3.0;1.0;1.0;1.0;1.0;1.0;1.0;1.0;1.0;1.0;1.0;1.0;1.0;1.0
613;61337;1;7.0;4.0;1.0;1.0;1.0;1.0;1.0;1.0;1.0;1.0;1.0;1.0;1.0;2.0;1.0;1.0;2.0;1.0;1.0;1.0;3.0
614;61386;0;3.0;5.0;1.0;2.0;1.0;1.0;1.0;1.0;1.0;1.0;1.0;1.0;1.0;1.0;1.0;1.0;1.0;1.0;1.0;1.0;1.0
615;61386;1;6.0;4.0;1.0;2.0;1.0;1.0;1.0;1.0;1.0;2.0;1.0;1.0;1.0;2.0;1.0;1.0;1.0;1.0;1.0;1.0;2.0
616;61408;1;8.0;6.0;1.0;3.0;1.0;1.0;1.0;1.0;1.0;1.0;1.0;1.0;1.0;1.0;1.0;1.0;1.0;1.0;1.0;1.0;2.0
617;61408;0;4.0;7.0;1.0;4.0;2.0;1.0;1.0;1.0;1.0;1.0;1.0;1.0;1.0;1.0;1.0;1.0;1.0;1.0;1.0;2.0;1.0
618;61527;0;2.0;5.0;1.0;2.0;1.0;1.0;1.0;1.0;1.0;1.0;1.0;1.0;1.0;1.0;1.0;1.0;1.0;0.0;1.0;1.0;1.0
619;61527;1;7.0;4.0;1.0;2.0;1.0;1.0;1.0;1.0;1.0;1.0;1.0;1.0;1.0;2.0;1.0;1.0;1.0;1.0;1.0;1.0;2.0
620;61641;1;3.0;5.0;1.0;1.0;1.0;1.0;1.0;1.0;1.0;2.0;1.0;1.0;1.0;1.0;1.0;1.0;1.0;1.0;1.0;1.0;1.0
621;61641;0;3.0;5.0;1.0;1.0;1.0;1.0;1.0;1.0;1.0;1.0;1.0;1.0;1.0;2.0;1.0;1.0;1.0;1.0;2.0;1.0;1.0
622;61653;1;8.0;4.0;1.0;1.0;1.0;1.0;1.0;1.0;1.0;1.0;1.0;1.0;1.0;1.0;1.0;1.0;1.0;1.0;1.0;1.0;2.0
623;61653;0;4.0;5.0;2.0;1.0;1.0;0.0;1.0;1.0;1.0;1.0;1.0;1.0;1.0;1.0;1.0;1.0;1.0;2.0;1.0;1.0;2.0
624;61659;1;8.0;2.0;1.0;1.0;1.0;1.0;1.0;1.0;1.0;2.0;3.0;1.0;1.0;2.0;1.0;1.0;2.0;1.0;1.0;1.0;2.0
625;61659;0;8.0;3.0;1.0;1.0;1.0;1.0;2.0;1.0;1.0;1.0;3.0;1.0;1.0;1.0;1.0;1.0;1.0;1.0;1.0;1.0;1.0
626;61670;0;2.0;6.0;1.0;2.0;1.0;0.0;1.0;1.0;1.0;1.0;1.0;1.0;1.0;0.0;1.0;1.0;1.0;1.0;2.0;1.0;1.0
627;61670;1;5.0;5.0;2.0;1.0;0.0;0.0;1.0;1.0;1.0;1.0;1.0;1.0;1.0;1.0;1.0;1.0;1.0;1.0;1.0;1.0;1.0
628;61771;1;9.0;5.0;1.0;2.0;1.0;1.0;1.0;2.0;2.0;1.0;1.0;1.0;1.0;1.0;1.0;1.0;1.0;1.0;1.0;1.0;4.0
629;61771;0;6.0;5.0;1.0;2.0;1.0;1.0;1.0;1.0;1.0;2.0;1.0;1.0;1.0;1.0;1.0;1.0;1.0;1.0;1.0;1.0;3.0
630;61809;0;6.0;4.0;1.0;2.0;1.0;1.0;1.0;1.0;1.0;1.0;1.0;1.0;1.0;1.0;1.0;1.0;1.0;1.0;1.0;1.0;2.0
631;61809;1;8.0;3.0;1.0;2.0;1.0;1.0;1.0;1.0;1.0;2.0;2.0;2.0;1.0;2.0;1.0;1.0;1.0;1.0;1.0;1.0;3.0
632;61918;0;5.0;5.0;1.0;1.0;0.0;1.0;1.0;1.0;1.0;1.0;1.0;1.0;1.0;1.0;1.0;1.0;2.0;2.0;2.0;1.0;1.0
633;61918;1;9.0;3.0;1.0;1.0;1.0;1.0;1.0;1.0;1.0;1.0;2.0;1.0;2.0;2.0;2.0;1.0;2.0;2.0;1.0;1.0;2.0
634;61945;1;4.0;5.0;1.0;1.0;1.0;0.0;1.0;1.0;2.0;1.0;2.0;1.0;1.0;2.0;1.0;1.0;1.0;1.0;1.0;1.0;1.0
635;61945;0;3.0;6.0;1.0;2.0;1.0;1.0;1.0;1.0;1.0;1.0;1.0;1.0;1.0;1.0;1.0;1.0;1.0;1.0;1.0;1.0;1.0
636;62087;1;5.0;5.0;1.0;1.0;0.0;1.0;1.0;1.0;1.0;2.0;1.0;1.0;1.0;1.0;1.0;3.0;1.0;0.0;0.0;1.0;1.0
637;62087;0;3.0;6.0;1.0;1.0;1.0;0.0;1.0;1.0;1.0;1.0;1.0;1.0;1.0;1.0;1.0;1.0;0.0;1.0;1.0;1.0;1.0
638;62144;0;9.0;3.0;1.0;1.0;1.0;1.0;2.0;1.0;1.0;2.0;4.0;1.0;2.0;2.0;1.0;1.0;2.0;1.0;1.0;1.0;1.0
639;62144;1;9.0;3.0;1.0;1.0;1.0;1.0;2.0;1.0;1.0;2.0;4.0;1.0;2.0;2.0;1.0;1.0;2.0;1.0;1.0;1.0;1.0
640;62332;1;4.0;6.0;1.0;2.0;1.0;1.0;1.0;1.0;1.0;1.0;1.0;1.0;1.0;1.0;1.0;0.0;1.0;1.0;1.0;2.0;2.0
641;62332;0;2.0;5.0;1.0;1.0;1.0;1.0;1.0;1.0;1.0;1.0;1.0;1.0;1.0;2.0;1.0;1.0;1.0;1.0;1.0;2.0;1.0
642;62374;0;4.0;6.0;1.0;2.0;1.0;1.0;1.0;1.0;1.0;1.0;1.0;1.0;1.0;1.0;1.0;1.0;1.0;1.0;1.0;1.0;2.0
643;62374;1;6.0;5.0;1.0;1.0;1.0;1.0;1.0;1.0;1.0;1.0;1.0;1.0;1.0;1.0;1.0;1.0;1.0;1.0;1.0;1.0;2.0
644;62375;0;4.0;6.0;1.0;1.0;1.0;0.0;1.0;1.0;1.0;1.0;1.0;1.0;1.0;1.0;1.0;1.0;1.0;1.0;1.0;1.0;2.0
645;62375;1;7.0;4.0;1.0;1.0;1.0;1.0;1.0;1.0;1.0;2.0;1.0;2.0;1.0;1.0;1.0;1.0;1.0;1.0;1.0;1.0;3.0
646;62378;0;5.0;5.0;1.0;2.0;1.0;0.0;0.0;1.0;1.0;1.0;1.0;1.0;1.0;1.0;1.0;1.0;1.0;1.0;1.0;1.0;2.0
647;62378;1;7.0;5.0;0.0;2.0;1.0;1.0;1.0;2.0;1.0;1.0;1.0;1.0;1.0;1.0;1.0;1.0;1.0;1.0;1.0;2.0;2.0
648;62444;0;8.0;2.0;1.0;1.0;1.0;1.0;1.0;1.0;1.0;4.0;1.0;1.0;1.0;2.0;2.0;1.0;5.0;1.0;1.0;1.0;1.0
649;62444;1;10.0;1.0;1.0;1.0;1.0;2.0;1.0;1.0;1.0;4.0;1.0;1.0;1.0;2.0;2.0;2.0;6.0;1.0;1.0;1.0;1.0
650;62572;0;4.0;5.0;1.0;1.0;1.0;1.0;1.0;1.0;1.0;1.0;2.0;1.0;1.0;1.0;1.0;1.0;1.0;1.0;1.0;1.0;1.0
651;62572;1;6.0;8.0;3.0;6.0;2.0;0.0;0.0;1.0;1.0;1.0;1.0;1.0;2.0;1.0;1.0;0.0;1.0;1.0;1.0;2.0;1.0
652;62580;0;3.0;5.0;0.0;1.0;1.0;0.0;0.0;1.0;1.0;1.0;1.0;1.0;1.0;1.0;1.0;1.0;1.0;1.0;1.0;2.0;1.0
653;62580;1;4.0;6.0;1.0;2.0;1.0;0.0;1.0;1.0;1.0;2.0;1.0;1.0;1.0;2.0;1.0;1.0;1.0;0.0;0.0;1.0;2.0
654;62725;1;7.0;5.0;1.0;1.0;1.0;1.0;1.0;1.0;1.0;1.0;1.0;1.0;1.0;1.0;1.0;1.0;1.0;1.0;1.0;1.0;4.0
655;62725;0;3.0;5.0;1.0;1.0;1.0;1.0;1.0;1.0;1.0;1.0;1.0;1.0;1.0;1.0;1.0;1.0;1.0;1.0;1.0;1.0;2.0
656;62835;1;8.0;7.0;2.0;4.0;1.0;1.0;1.0;2.0;1.0;1.0;1.0;1.0;1.0;1.0;1.0;1.0;1.0;1.0;1.0;1.0;1.0
657;62835;0;5.0;5.0;2.0;1.0;1.0;1.0;1.0;1.0;1.0;2.0;2.0;1.0;1.0;1.0;1.0;1.0;1.0;1.0;1.0;1.0;1.0
658;62900;0;6.0;6.0;1.0;3.0;1.0;1.0;1.0;1.0;1.0;1.0;1.0;1.0;1.0;1.0;1.0;1.0;1.0;1.0;1.0;1.0;1.0
659;62900;1;8.0;7.0;2.0;4.0;2.0;1.0;1.0;1.0;1.0;1.0;1.0;1.0;2.0;1.0;1.0;1.0;1.0;1.0;1.0;2.0;1.0
660;62902;1;7.0;8.0;1.0;7.0;4.0;1.0;1.0;1.0;1.0;1.0;1.0;1.0;2.0;1.0;1.0;1.0;1.0;1.0;1.0;2.0;1.0
661;62902;0;6.0;7.0;1.0;4.0;2.0;1.0;1.0;1.0;1.0;1.0;1.0;1.0;1.0;1.0;1.0;1.0;1.0;1.0;1.0;2.0;1.0
662;69963;0;3.0;5.0;1.0;2.0;1.0;1.0;1.0;1.0;1.0;1.0;1.0;1.0;1.0;1.0;1.0;1.0;1.0;1.0;1.0;1.0;1.0
663;69963;1;7.0;5.0;1.0;2.0;1.0;1.0;1.0;1.0;1.0;1.0;1.0;1.0;1.0;1.0;1.0;1.0;1.0;1.0;2.0;2.0;1.0
664;78925;0;4.0;4.0;0.0;1.0;1.0;1.0;1.0;1.0;1.0;2.0;1.0;1.0;1.0;1.0;1.0;1.0;2.0;1.0;1.0;1.0;1.0
665;78925;1;8.0;4.0;1.0;1.0;1.0;1.0;4.0;2.0;1.0;2.0;1.0;1.0;1.0;2.0;1.0;1.0;1.0;1.0;1.0;1.0;1.0
666;82227;0;3.0;6.0;1.0;1.0;1.0;1.0;1.0;2.0;1.0;1.0;1.0;1.0;1.0;1.0;1.0;1.0;1.0;2.0;1.0;2.0;2.0
667;82227;1;6.0;5.0;1.0;1.0;1.0;1.0;1.0;1.0;1.0;1.0;1.0;1.0;1.0;1.0;1.0;1.0;1.0;1.0;1.0;1.0;3.0
668;85522;0;4.0;4.0;0.0;2.0;1.0;1.0;1.0;1.0;1.0;2.0;1.0;1.0;1.0;2.0;1.0;1.0;2.0;1.0;1.0;1.0;3.0
669;85522;1;9.0;2.0;1.0;1.0;1.0;2.0;2.0;2.0;1.0;3.0;1.0;1.0;1.0;2.0;1.0;2.0;2.0;1.0;1.0;1.0;2.0
670;88454;0;3.0;5.0;1.0;1.0;0.0;1.0;1.0;0.0;1.0;1.0;1.0;1.0;0.0;1.0;1.0;0.0;1.0;1.0;1.0;0.0;1.0
671;88454;1;7.0;6.0;1.0;3.0;2.0;1.0;1.0;1.0;1.0;1.0;1.0;1.0;1.0;1.0;1.0;1.0;1.0;1.0;1.0;1.0;2.0
672;89440;1;6.0;7.0;1.0;3.0;1.0;1.0;1.0;1.0;1.0;1.0;1.0;1.0;1.0;1.0;1.0;1.0;1.0;1.0;1.0;4.0;2.0
673;89440;0;3.0;7.0;1.0;3.0;1.0;1.0;0.0;1.0;1.0;1.0;1.0;1.0;1.0;1.0;1.0;0.0;1.0;1.0;1.0;3.0;2.0
674;92979;0;4.0;4.0;1.0;1.0;1.0;1.0;1.0;1.0;2.0;1.0;1.0;1.0;1.0;2.0;1.0;2.0;1.0;1.0;1.0;1.0;2.0
675;92979;1;7.0;3.0;1.0;1.0;1.0;1.0;1.0;1.0;1.0;1.0;1.0;2.0;1.0;2.0;1.0;2.0;1.0;1.0;1.0;1.0;4.0
676;93375;1;6.0;5.0;1.0;2.0;2.0;1.0;1.0;1.0;1.0;2.0;1.0;1.0;1.0;1.0;1.0;1.0;1.0;1.0;2.0;1.0;2.0
677;93375;0;4.0;6.0;1.0;2.0;1.0;1.0;1.0;1.0;1.0;1.0;1.0;1.0;1.0;2.0;1.0;1.0;1.0;1.0;2.0;1.0;1.0
678;98330;1;9.0;2.0;1.0;1.0;1.0;2.0;1.0;1.0;1.0;2.0;4.0;1.0;1.0;1.0;1.0;1.0;3.0;1.0;1.0;1.0;1.0
679;98330;0;9.0;2.0;1.0;1.0;1.0;1.0;1.0;1.0;1.0;2.0;3.0;2.0;1.0;2.0;1.0;2.0;3.0;1.0;1.0;1.0;3.0
680;101010;1;7.0;4.0;1.0;2.0;2.0;1.0;1.0;1.0;1.0;2.0;1.0;1.0;1.0;2.0;2.0;1.0;1.0;1.0;1.0;1.0;2.0
681;101010;0;3.0;5.0;0.0;1.0;1.0;1.0;1.0;1.0;1.0;1.0;1.0;1.0;1.0;2.0;1.0;1.0;1.0;1.0;1.0;1.0;1.0
682;101604;0;5.0;7.0;1.0;5.0;3.0;0.0;0.0;1.0;1.0;1.0;1.0;1.0;1.0;1.0;1.0;0.0;1.0;1.0;1.0;2.0;1.0
683;101604;1;6.0;8.0;1.0;5.0;4.0;0.0;0.0;1.0;1.0;1.0;1.0;1.0;2.0;1.0;1.0;1.0;1.0;1.0;1.0;2.0;1.0
684;104721;0;7.0;6.0;2.0;2.0;1.0;1.0;1.0;1.0;1.0;1.0;2.0;1.0;1.0;1.0;1.0;1.0;1.0;1.0;1.0;1.0;1.0
685;104721;1;9.0;4.0;1.0;2.0;1.0;1.0;1.0;1.0;1.0;2.0;2.0;2.0;1.0;2.0;1.0;1.0;2.0;2.0;1.0;1.0;2.0
686;106997;0;4.0;5.0;1.0;1.0;1.0;1.0;1.0;1.0;2.0;1.0;1.0;1.0;1.0;2.0;1.0;1.0;1.0;1.0;2.0;2.0;1.0
687;106997;1;8.0;4.0;1.0;1.0;1.0;1.0;1.0;1.0;1.0;1.0;1.0;1.0;1.0;1.0;1.0;2.0;1.0;1.0;3.0;1.0;2.0
688;145742;1;9.0;3.0;1.0;1.0;1.0;1.0;1.0;1.0;1.0;2.0;2.0;1.0;2.0;2.0;2.0;2.0;2.0;1.0;1.0;1.0;2.0
689;145742;0;6.0;3.0;1.0;1.0;1.0;1.0;1.0;1.0;1.0;1.0;1.0;1.0;1.0;2.0;2.0;2.0;1.0;1.0;1.0;1.0;3.0
690;159055;1;10.0;5.0;1.0;1.0;1.0;1.0;1.0;1.0;2.0;1.0;1.0;2.0;1.0;1.0;1.0;2.0;1.0;1.0;1.0;1.0;5.0
691;159055;0;7.0;6.0;1.0;1.0;1.0;1.0;1.0;1.0;2.0;1.0;1.0;1.0;1.0;1.0;1.0;1.0;1.0;1.0;1.0;1.0;4.0
692;165675;0;6.0;6.0;1.0;1.0;1.0;1.0;1.0;1.0;2.0;1.0;1.0;1.0;1.0;1.0;1.0;1.0;1.0;1.0;1.0;1.0;3.0
693;165675;1;9.0;6.0;1.0;2.0;1.0;1.0;1.0;1.0;2.0;1.0;1.0;1.0;1.0;1.0;1.0;1.0;1.0;1.0;1.0;1.0;4.0
694;170833;1;9.0;6.0;1.0;2.0;1.0;1.0;1.0;2.0;2.0;1.0;1.0;2.0;1.0;1.0;1.0;1.0;1.0;1.0;1.0;1.0;4.0
695;170833;0;3.0;5.0;0.0;1.0;1.0;0.0;1.0;1.0;1.0;2.0;1.0;1.0;2.0;1.0;1.0;1.0;1.0;1.0;1.0;1.0;2.0
696;220674;0;2.0;6.0;0.0;1.0;1.0;0.0;1.0;1.0;1.0;1.0;1.0;1.0;1.0;1.0;1.0;1.0;1.0;1.0;1.0;1.0;1.0
697;220674;1;7.0;6.0;1.0;2.0;1.0;1.0;1.0;2.0;1.0;1.0;1.0;1.0;1.0;1.0;1.0;1.0;1.0;2.0;1.0;1.0;2.0
698;228769;0;3.0;6.0;1.0;1.0;1.0;1.0;1.0;1.0;1.0;1.0;1.0;1.0;1.0;1.0;1.0;1.0;1.0;1.0;2.0;1.0;1.0
699;228769;1;3.0;5.0;1.0;1.0;1.0;1.0;1.0;1.0;1.0;2.0;1.0;1.0;1.0;1.0;1.0;1.0;1.0;1.0;1.0;1.0;1.0
700;235414;0;3.0;6.0;1.0;2.0;1.0;0.0;0.0;1.0;2.0;1.0;1.0;1.0;1.0;1.0;1.0;1.0;1.0;1.0;0.0;2.0;2.0
701;235414;1;6.0;8.0;1.0;4.0;1.0;1.0;1.0;1.0;1.0;1.0;1.0;1.0;1.0;1.0;1.0;1.0;1.0;1.0;1.0;4.0;2.0
702;246728;0;3.0;6.0;0.0;3.0;1.0;1.0;1.0;2.0;2.0;1.0;1.0;1.0;1.0;1.0;1.0;1.0;1.0;1.0;1.0;1.0;1.0
703;246728;1;8.0;5.0;1.0;3.0;2.0;1.0;1.0;1.0;1.0;1.0;1.0;1.0;1.0;1.0;1.0;1.0;1.0;1.0;1.0;1.0;3.0
704;439570;1;9.0;8.0;1.0;5.0;1.0;1.0;1.0;2.0;2.0;1.0;1.0;1.0;1.0;1.0;1.0;1.0;1.0;1.0;1.0;1.0;1.0
705;439570;0;8.0;8.0;1.0;4.0;1.0;1.0;1.0;2.0;2.0;1.0;1.0;1.0;1.0;1.0;1.0;1.0;1.0;1.0;1.0;1.0;2.0
706;440967;1;8.0;5.0;1.0;1.0;1.0;1.0;1.0;2.0;2.0;1.0;1.0;1.0;2.0;1.0;1.0;1.0;1.0;2.0;2.0;1.0;4.0
707;440967;0;4.0;6.0;1.0;1.0;2.0;1.0;1.0;1.0;1.0;1.0;1.0;1.0;1.0;1.0;1.0;1.0;1.0;1.0;1.0;1.0;2.0
708;444539;0;6.0;3.0;1.0;1.0;1.0;1.0;1.0;1.0;1.0;2.0;1.0;1.0;1.0;2.0;2.0;2.0;2.0;1.0;1.0;1.0;1.0
709;444539;1;8.0;6.0;3.0;3.0;1.0;1.0;1.0;2.0;1.0;1.0;1.0;1.0;2.0;1.0;1.0;1.0;1.0;1.0;1.0;1.0;1.0
710;444683;1;2.0;6.0;1.0;2.0;1.0;0.0;1.0;1.0;1.0;1.0;1.0;1.0;1.0;1.0;1.0;1.0;1.0;1.0;1.0;1.0;2.0
711;444683;0;3.0;6.0;1.0;1.0;1.0;1.0;1.0;2.0;1.0;1.0;1.0;1.0;1.0;1.0;1.0;1.0;1.0;1.0;1.0;1.0;2.0
712;444972;0;2.0;5.0;1.0;2.0;0.0;1.0;1.0;1.0;1.0;1.0;1.0;1.0;0.0;2.0;1.0;1.0;0.0;1.0;1.0;1.0;1.0
713;444972;1;7.0;4.0;1.0;1.0;1.0;1.0;1.0;1.0;1.0;2.0;1.0;1.0;1.0;1.0;1.0;1.0;1.0;1.0;1.0;1.0;2.0
714;519539;0;6.0;4.0;1.0;1.0;1.0;1.0;1.0;1.0;1.0;2.0;1.0;2.0;1.0;2.0;1.0;1.0;1.0;1.0;1.0;1.0;2.0
715;519539;1;9.0;3.0;1.0;1.0;1.0;1.0;1.0;2.0;1.0;2.0;1.0;2.0;1.0;2.0;1.0;1.0;1.0;1.0;2.0;1.0;3.0
716;520108;0;8.0;5.0;2.0;1.0;1.0;1.0;1.0;2.0;1.0;2.0;1.0;1.0;2.0;1.0;1.0;1.0;1.0;1.0;1.0;1.0;1.0
717;520108;1;9.0;5.0;2.0;1.0;1.0;1.0;1.0;2.0;1.0;1.0;2.0;1.0;2.0;2.0;1.0;1.0;1.0;1.0;1.0;1.0;1.0
718;520191;1;8.0;3.0;1.0;1.0;1.0;1.0;1.0;1.0;1.0;2.0;1.0;2.0;1.0;2.0;1.0;2.0;2.0;1.0;1.0;1.0;2.0
719;520191;0;2.0;6.0;0.0;2.0;1.0;1.0;1.0;1.0;1.0;1.0;1.0;1.0;1.0;2.0;1.0;1.0;1.0;1.0;1.0;2.0;1.0
720;520296;1;4.0;5.0;1.0;1.0;1.0;1.0;1.0;1.0;1.0;2.0;1.0;1.0;1.0;1.0;1.0;2.0;1.0;1.0;1.0;1.0;2.0
721;520296;0;2.0;5.0;1.0;1.0;1.0;0.0;0.0;1.0;1.0;1.0;1.0;1.0;1.0;1.0;1.0;1.0;1.0;1.0;0.0;1.0;2.0
722;521238;1;9.0;5.0;1.0;2.0;2.0;1.0;1.0;2.0;1.0;1.0;1.0;2.0;1.0;1.0;1.0;1.0;1.0;1.0;1.0;2.0;3.0
723;521238;0;4.0;6.0;1.0;2.0;2.0;1.0;1.0;1.0;1.0;1.0;1.0;1.0;1.0;1.0;1.0;1.0;1.0;1.0;1.0;2.0;2.0
724;526618;0;3.0;4.0;1.0;1.0;1.0;1.0;1.0;2.0;1.0;1.0;1.0;1.0;2.0;2.0;1.0;1.0;1.0;1.0;1.0;0.0;1.0
725;526618;1;7.0;3.0;1.0;1.0;1.0;1.0;1.0;2.0;1.0;2.0;1.0;1.0;1.0;2.0;2.0;2.0;1.0;1.0;1.0;1.0;2.0
726;556940;0;6.0;4.0;1.0;1.0;1.0;1.0;1.0;1.0;1.0;1.0;3.0;1.0;1.0;1.0;1.0;1.0;1.0;1.0;1.0;1.0;2.0
727;556940;1;8.0;2.0;1.0;1.0;1.0;1.0;2.0;1.0;1.0;2.0;4.0;1.0;1.0;2.0;1.0;1.0;1.0;1.0;1.0;1.0;2.0
728;565690;1;4.0;6.0;1.0;3.0;1.0;1.0;1.0;1.0;1.0;1.0;1.0;1.0;1.0;1.0;1.0;1.0;1.0;1.0;1.0;2.0;1.0
729;565690;0;2.0;5.0;1.0;1.0;1.0;0.0;1.0;2.0;1.0;2.0;1.0;1.0;1.0;2.0;1.0;1.0;1.0;1.0;1.0;1.0;1.0
730;595928;0;4.0;5.0;1.0;1.0;1.0;0.0;1.0;1.0;1.0;2.0;1.0;1.0;1.0;1.0;1.0;1.0;1.0;1.0;1.0;1.0;2.0
731;595928;1;5.0;5.0;1.0;1.0;1.0;1.0;1.0;1.0;1.0;1.0;1.0;1.0;1.0;1.0;1.0;1.0;1.0;1.0;1.0;1.0;3.0
732;637563;0;4.0;6.0;0.0;2.0;1.0;0.0;1.0;1.0;1.0;1.0;1.0;1.0;1.0;1.0;0.0;1.0;1.0;1.0;1.0;1.0;1.0
733;637563;1;7.0;7.0;1.0;4.0;1.0;1.0;1.0;2.0;1.0;1.0;1.0;1.0;1.0;1.0;1.0;1.0;1.0;1.0;1.0;1.0;1.0
734;637566;0;5.0;7.0;1.0;2.0;2.0;0.0;1.0;1.0;1.0;1.0;1.0;1.0;1.0;1.0;1.0;1.0;1.0;1.0;1.0;2.0;2.0
735;637566;1;8.0;6.0;1.0;2.0;1.0;0.0;1.0;1.0;1.0;1.0;1.0;1.0;1.0;1.0;1.0;1.0;1.0;1.0;1.0;2.0;3.0
736;637776;1;4.0;6.0;2.0;3.0;1.0;0.0;1.0;1.0;1.0;1.0;1.0;1.0;1.0;1.0;0.0;1.0;1.0;1.0;1.0;1.0;1.0
737;637776;0;3.0;4.0;1.0;1.0;1.0;1.0;1.0;1.0;1.0;1.0;1.0;1.0;1.0;2.0;2.0;1.0;1.0;2.0;1.0;1.0;1.0
738;637796;0;2.0;6.0;1.0;1.0;1.0;1.0;1.0;1.0;1.0;1.0;1.0;1.0;1.0;2.0;1.0;0.0;1.0;1.0;1.0;1.0;1.0
739;637796;1;5.0;6.0;1.0;3.0;1.0;1.0;1.0;2.0;1.0;1.0;1.0;1.0;1.0;1.0;1.0;1.0;1.0;1.0;1.0;1.0;1.0
740;638014;1;8.0;6.0;1.0;3.0;1.0;1.0;1.0;1.0;1.0;1.0;1.0;1.0;1.0;1.0;1.0;1.0;1.0;1.0;1.0;1.0;2.0
741;638014;0;6.0;7.0;1.0;3.0;2.0;1.0;1.0;2.0;1.0;1.0;1.0;1.0;1.0;1.0;1.0;1.0;1.0;1.0;1.0;2.0;1.0
742;638024;1;6.0;6.0;2.0;2.0;1.0;1.0;1.0;2.0;1.0;1.0;1.0;1.0;1.0;1.0;1.0;1.0;1.0;1.0;1.0;1.0;1.0
743;638024;0;3.0;5.0;1.0;1.0;1.0;1.0;1.0;1.0;0.0;1.0;1.0;0.0;1.0;1.0;1.0;1.0;0.0;0.0;1.0;1.0;1.0
744;641256;1;5.0;5.0;1.0;1.0;1.0;1.0;1.0;2.0;1.0;1.0;1.0;1.0;1.0;1.0;1.0;1.0;1.0;1.0;1.0;1.0;1.0
745;641256;0;2.0;5.0;1.0;1.0;1.0;1.0;1.0;1.0;1.0;1.0;1.0;1.0;2.0;1.0;1.0;1.0;1.0;1.0;1.0;1.0;2.0
746;641423;0;5.0;6.0;1.0;2.0;1.0;1.0;1.0;1.0;1.0;1.0;1.0;1.0;1.0;2.0;1.0;1.0;1.0;1.0;1.0;1.0;1.0
747;641423;1;6.0;6.0;1.0;3.0;1.0;1.0;1.0;1.0;1.0;1.0;1.0;1.0;1.0;1.0;1.0;1.0;1.0;1.0;1.0;2.0;1.0
748;643820;0;3.0;5.0;1.0;1.0;1.0;0.0;1.0;1.0;1.0;1.0;1.0;1.0;1.0;1.0;1.0;1.0;1.0;1.0;1.0;1.0;2.0
749;643820;1;8.0;7.0;1.0;3.0;2.0;1.0;1.0;2.0;1.0;1.0;1.0;1.0;1.0;1.0;1.0;1.0;1.0;1.0;1.0;1.0;2.0
750;778574;0;6.0;6.0;1.0;3.0;2.0;1.0;1.0;1.0;1.0;1.0;1.0;1.0;1.0;1.0;1.0;1.0;1.0;1.0;1.0;1.0;1.0
751;778574;1;8.0;5.0;1.0;2.0;1.0;1.0;1.0;1.0;1.0;1.0;1.0;1.0;1.0;2.0;1.0;1.0;1.0;1.0;1.0;1.0;2.0
752;1549026;1;2.0;6.0;1.0;2.0;1.0;1.0;1.0;1.0;1.0;1.0;1.0;1.0;1.0;1.0;1.0;1.0;1.0;1.0;0.0;1.0;1.0
753;1549026;0;3.0;5.0;1.0;1.0;1.0;1.0;1.0;1.0;1.0;2.0;1.0;1.0;1.0;1.0;1.0;1.0;1.0;1.0;1.0;1.0;1.0
754;1549778;0;2.0;6.0;1.0;1.0;1.0;1.0;1.0;1.0;1.0;1.0;1.0;1.0;1.0;1.0;1.0;1.0;1.0;1.0;1.0;2.0;1.0
755;1549778;1;5.0;4.0;1.0;1.0;1.0;1.0;1.0;1.0;1.0;2.0;1.0;1.0;1.0;2.0;2.0;1.0;1.0;1.0;1.0;1.0;2.0
756;1550470;1;8.0;4.0;1.0;1.0;1.0;1.0;1.0;1.0;1.0;2.0;1.0;2.0;1.0;2.0;2.0;1.0;1.0;1.0;1.0;1.0;4.0
757;1550470;0;3.0;6.0;1.0;2.0;1.0;1.0;1.0;1.0;1.0;1.0;0.0;1.0;1.0;1.0;1.0;1.0;1.0;1.0;0.0;1.0;2.0
758;1551246;0;5.0;7.0;1.0;3.0;1.0;1.0;1.0;1.0;1.0;1.0;1.0;1.0;1.0;1.0;1.0;1.0;1.0;1.0;1.0;1.0;2.0
759;1551246;1;8.0;7.0;1.0;3.0;2.0;1.0;1.0;1.0;2.0;2.0;1.0;2.0;1.0;1.0;1.0;1.0;1.0;1.0;1.0;2.0;4.0
760;3578033;1;8.0;3.0;1.0;1.0;1.0;1.0;1.0;1.0;1.0;2.0;1.0;2.0;1.0;2.0;2.0;1.0;1.0;1.0;1.0;1.0;2.0
761;3578033;0;4.0;5.0;1.0;1.0;1.0;1.0;1.0;1.0;1.0;2.0;1.0;1.0;1.0;1.0;2.0;1.0;1.0;1.0;1.0;1.0;1.0
762;5273467;0;3.0;6.0;1.0;3.0;1.0;0.0;0.0;1.0;1.0;1.0;1.0;0.0;1.0;1.0;1.0;1.0;1.0;1.0;1.0;1.0;2.0
763;5273467;1;2.0;4.0;1.0;1.0;1.0;1.0;1.0;1.0;1.0;1.0;1.0;1.0;1.0;2.0;1.0;1.0;2.0;1.0;0.0;1.0;1.0
764;5280450;1;10.0;2.0;1.0;1.0;1.0;1.0;1.0;1.0;1.0;2.0;2.0;2.0;1.0;2.0;1.0;1.0;2.0;1.0;1.0;1.0;3.0
765;5280450;0;7.0;4.0;1.0;1.0;1.0;1.0;1.0;1.0;1.0;1.0;1.0;1.0;1.0;1.0;1.0;1.0;1.0;2.0;1.0;1.0;2.0
766;5315892;1;8.0;5.0;2.0;3.0;2.0;0.0;1.0;2.0;1.0;1.0;1.0;1.0;1.0;2.0;1.0;1.0;1.0;1.0;1.0;1.0;2.0
767;5315892;0;6.0;5.0;1.0;1.0;1.0;1.0;1.0;1.0;1.0;2.0;1.0;1.0;1.0;2.0;1.0;1.0;1.0;1.0;1.0;3.0;2.0
768;5352539;1;8.0;5.0;1.0;2.0;1.0;1.0;1.0;1.0;1.0;1.0;1.0;1.0;1.0;1.0;1.0;1.0;1.0;1.0;3.0;1.0;2.0
769;5352539;0;3.0;5.0;0.0;1.0;1.0;1.0;1.0;1.0;1.0;1.0;1.0;1.0;1.0;1.0;2.0;1.0;1.0;1.0;1.0;1.0;3.0
770;5355850;0;3.0;5.0;1.0;1.0;1.0;1.0;1.0;1.0;1.0;2.0;1.0;2.0;1.0;2.0;1.0;2.0;2.0;1.0;1.0;1.0;1.0
771;5355850;1;5.0;6.0;1.0;2.0;1.0;1.0;1.0;1.0;1.0;2.0;1.0;1.0;1.0;1.0;1.0;1.0;1.0;1.0;1.0;1.0;2.0
772;5362588;1;8.0;5.0;1.0;3.0;2.0;1.0;1.0;1.0;1.0;2.0;1.0;1.0;1.0;1.0;1.0;1.0;1.0;1.0;1.0;1.0;2.0
773;5362588;0;3.0;7.0;1.0;4.0;2.0;1.0;1.0;1.0;1.0;1.0;1.0;1.0;1.0;1.0;1.0;1.0;1.0;1.0;1.0;1.0;1.0
774;5362798;1;7.0;5.0;1.0;2.0;1.0;1.0;1.0;1.0;1.0;1.0;1.0;1.0;1.0;1.0;1.0;1.0;1.0;1.0;1.0;1.0;3.0
775;5362798;0;4.0;6.0;1.0;1.0;1.0;0.0;1.0;1.0;1.0;1.0;1.0;1.0;1.0;1.0;1.0;1.0;1.0;1.0;1.0;2.0;1.0
776;5362814;1;7.0;3.0;1.0;1.0;1.0;2.0;1.0;1.0;1.0;2.0;1.0;1.0;1.0;2.0;1.0;1.0;2.0;1.0;1.0;1.0;1.0
777;5362814;0;6.0;4.0;1.0;1.0;1.0;1.0;1.0;1.0;1.0;1.0;1.0;1.0;1.0;1.0;1.0;1.0;1.0;1.0;1.0;1.0;1.0
778;5363233;0;3.0;5.0;0.0;1.0;1.0;0.0;1.0;1.0;2.0;1.0;1.0;1.0;1.0;1.0;1.0;1.0;1.0;1.0;2.0;1.0;1.0
779;5363233;1;7.0;4.0;0.0;1.0;1.0;1.0;1.0;1.0;1.0;1.0;2.0;1.0;1.0;1.0;1.0;1.0;1.0;1.0;1.0;1.0;3.0
780;5363388;1;8.0;7.0;1.0;4.0;4.0;1.0;1.0;1.0;1.0;1.0;1.0;1.0;1.0;1.0;1.0;1.0;1.0;1.0;3.0;2.0;1.0
781;5363388;0;5.0;8.0;1.0;4.0;3.0;1.0;1.0;1.0;2.0;1.0;1.0;1.0;1.0;1.0;0.0;1.0;1.0;1.0;2.0;2.0;1.0
782;5363491;1;2.0;4.0;1.0;1.0;1.0;1.0;1.0;1.0;1.0;1.0;1.0;1.0;1.0;1.0;1.0;1.0;1.0;1.0;0.0;1.0;2.0
783;5363491;0;3.0;6.0;1.0;2.0;1.0;1.0;1.0;1.0;1.0;1.0;1.0;1.0;1.0;1.0;1.0;1.0;1.0;1.0;1.0;1.0;1.0
784;5364729;1;8.0;5.0;1.0;2.0;2.0;1.0;1.0;1.0;1.0;2.0;1.0;1.0;1.0;1.0;1.0;1.0;1.0;1.0;1.0;1.0;2.0
785;5364729;0;6.0;5.0;1.0;1.0;1.0;1.0;1.0;1.0;1.0;2.0;1.0;2.0;1.0;1.0;1.0;1.0;1.0;1.0;2.0;1.0;2.0
786;5365027;1;8.0;4.0;1.0;1.0;1.0;1.0;1.0;1.0;1.0;1.0;1.0;1.0;1.0;2.0;1.0;1.0;1.0;1.0;1.0;1.0;3.0
787;5365027;0;6.0;4.0;1.0;1.0;1.0;1.0;1.0;1.0;1.0;1.0;1.0;1.0;1.0;2.0;1.0;1.0;1.0;1.0;1.0;1.0;2.0
788;5365049;1;7.0;7.0;1.0;3.0;3.0;0.0;1.0;1.0;1.0;1.0;1.0;1.0;1.0;1.0;1.0;0.0;1.0;1.0;3.0;2.0;1.0
789;5365049;0;2.0;6.0;1.0;2.0;1.0;1.0;1.0;1.0;1.0;1.0;1.0;1.0;1.0;1.0;1.0;1.0;1.0;1.0;1.0;2.0;1.0
790;5366244;1;7.0;3.0;1.0;1.0;1.0;1.0;1.0;1.0;1.0;2.0;2.0;2.0;1.0;2.0;1.0;1.0;1.0;1.0;1.0;1.0;3.0
791;5366244;0;3.0;5.0;1.0;1.0;0.0;0.0;1.0;1.0;1.0;2.0;1.0;1.0;1.0;1.0;0.0;1.0;1.0;1.0;1.0;1.0;1.0
792;5367698;1;6.0;5.0;1.0;1.0;1.0;1.0;1.0;1.0;1.0;2.0;1.0;1.0;1.0;2.0;1.0;2.0;1.0;1.0;1.0;1.0;2.0
793;5367698;0;2.0;6.0;1.0;1.0;0.0;1.0;1.0;1.0;1.0;2.0;1.0;1.0;1.0;2.0;1.0;1.0;1.0;1.0;2.0;1.0;2.0
794;5367706;0;4.0;6.0;1.0;1.0;0.0;0.0;1.0;1.0;1.0;1.0;1.0;0.0;1.0;1.0;1.0;0.0;0.0;1.0;2.0;1.0;1.0
795;5367706;1;5.0;5.0;1.0;1.0;1.0;1.0;1.0;1.0;1.0;1.0;1.0;1.0;1.0;2.0;1.0;1.0;1.0;1.0;1.0;1.0;2.0
796;5368076;1;5.0;6.0;1.0;3.0;2.0;1.0;1.0;1.0;1.0;1.0;1.0;1.0;1.0;1.0;1.0;1.0;1.0;1.0;1.0;1.0;1.0
797;5368076;0;3.0;6.0;1.0;1.0;1.0;1.0;1.0;1.0;1.0;1.0;1.0;1.0;1.0;1.0;1.0;1.0;1.0;1.0;1.0;1.0;2.0
798;6114390;1;8.0;6.0;1.0;4.0;1.0;1.0;1.0;2.0;1.0;1.0;1.0;1.0;2.0;1.0;1.0;1.0;1.0;1.0;1.0;3.0;2.0
799;6114390;0;5.0;6.0;1.0;2.0;1.0;1.0;0.0;2.0;1.0;1.0;1.0;1.0;1.0;1.0;1.0;1.0;1.0;1.0;1.0;2.0;1.0
800;6429333;1;3.0;4.0;1.0;1.0;1.0;1.0;1.0;1.0;1.0;2.0;1.0;1.0;1.0;2.0;1.0;1.0;1.0;1.0;1.0;1.0;2.0
801;6429333;0;3.0;6.0;1.0;1.0;1.0;0.0;1.0;1.0;1.0;1.0;1.0;0.0;1.0;1.0;1.0;1.0;1.0;1.0;1.0;1.0;2.0
802;6999977;1;6.0;6.0;2.0;2.0;1.0;1.0;1.0;1.0;1.0;1.0;1.0;1.0;1.0;1.0;1.0;1.0;1.0;1.0;1.0;1.0;2.0
803;6999977;0;5.0;5.0;1.0;2.0;1.0;0.0;1.0;1.0;1.0;2.0;1.0;1.0;2.0;2.0;1.0;1.0;2.0;1.0;1.0;1.0;2.0
804;16220109;0;5.0;5.0;1.0;1.0;1.0;1.0;1.0;1.0;1.0;1.0;1.0;1.0;1.0;1.0;1.0;1.0;1.0;1.0;1.0;1.0;2.0
805;16220109;1;8.0;6.0;1.0;2.0;2.0;1.0;1.0;1.0;1.0;2.0;1.0;1.0;1.0;1.0;1.0;1.0;1.0;1.0;3.0;2.0;1.0
